game_id,game_name,game_category,Provider_name
2661,VERDELL,Slots,Livgames
2660,ALEX,Slots,Fullhand
2659,ALISE,Slots,Nowins
2658,ANTONIETTA,Slots,Kuzz
2612,KAYLEEN,Slots,Berry
2611,KIANA,Slots,Peteslots
2610,KYMBERLY,Slots,Gurras games
2601,SOOK,Slots,Happy Games
2598,TAMEKIA,Slots,Waller
2586,HERMINA,Slots,Verigood games
2585,JENINE,Slots,Gunsmit game
2584,KENNETH,Slots,Guns n games
2583,LORE,Slots,Linnet gaming
2582,MARGARETTA,Slots,Brakker
2581,MARGORIE,Slots,Livgames
2580,MERNA,Slots,Fullhand
2579,MICHELINE,Slots,Nowins
2578,PEARLENE,Slots,Kuzz
2577,PORSHA,Slots,Loober
2576,ROMAINE,Slots,Roppygamez
2575,CHERISH,Slots,Allin
2574,COLLEN,Slots,Nextin
2573,CORIE,Slots,Lemon
2572,DAGMAR,Slots,Berry
2569,EMIKO,Slots,Gaming kids
2569,EMIKO,Slots,Gaming kids
2566,JANITA,Slots,Dumgames
2565,JESSENIA,Slots,Slotdream
2564,KYM,Slots,Jopsgame
2563,LAURINE,Slots,Verri
2562,LEEANNE,Slots,Gamz
2561,MACY,Slots,Happy Games
2559,QIANA,Slots,Big or nothing
2558,REGENIA,Slots,Waller
2557,ROSANA,Slots,Ypper software
2556,SEAN,Slots,Viira games
2549,AUDREA,Live Games,Starter game
2534,NIEVES,Slots,Nextin
2533,PAULETTA,Slots,Lemon
2532,REBBECA,Live Games,Berry
2531,REFUGIO,Live Games,Peteslots
2530,SARI,Live Games,Gurras games
2529,SHERRELL,Slots,Gaming kids
2528,TABETHA,Slots,Camel games
2527,TAMMARA,Slots,Casher
2526,WILLIA,Slots,Dumgames
2525,ANDRE,Slots,Slotdream
2524,ARLETTA,Slots,Jopsgame
2523,DELL,Slots,Verri
2522,DIGNA,Slots,Gamz
2521,DOT,Slots,Happy Games
2519,ENEIDA,Slots,Big or nothing
2518,FAUSTINA,Slots,Waller
2517,FERNANDA,Slots,Ypper software
2516,GLENNIS,Slots,Viira games
2515,GLINDA,Slots,Okkult games
2514,INDIRA,Slots,Alarma
2513,INGER,Slots,Snooz
2512,JASON,Slots,Flipper
2511,JOSLYN,Slots,Matlock games
2510,KELLEE,Slots,Lundqvist gaming
2509,KELLYE,Slots,Starter game
2508,LADY,Slots,Lifo games
2507,MACIE,Slots,Asta games
2506,MANDA,Slots,Verigood games
2505,MEGHANN,Slots,Gunsmit game
2504,SANTANA,Slots,Guns n games
2503,SINDY,Slots,Linnet gaming
2502,STEFFANIE,Slots,Brakker
2501,TAKISHA,Slots,Livgames
2500,TIESHA,Slots,Fullhand
2499,TONIE,Slots,Nowins
2498,TYESHA,Slots,Kuzz
2497,VENICE,Slots,Loober
2496,AKIKO,Slots,Roppygamez
2495,ARIANNA,Slots,Allin
2494,ASUNCION,Slots,Nextin
2493,AVELINA,Slots,Lemon
2492,BIRGIT,Slots,Berry
2491,BRITTNI,Slots,Peteslots
2490,CAMMIE,Slots,Gurras games
2489,DAYLE,Slots,Gaming kids
2488,ELLYN,Slots,Camel games
2487,ETHYL,Slots,Casher
2486,FRANCE,Slots,Dumgames
2485,KAYLEIGH,Slots,Slotdream
2484,LEONARDA,Slots,Jopsgame
2483,LOAN,Slots,Verri
2482,MAIDA,Slots,Gamz
2481,MALIKA,Slots,Happy Games
2479,MYRTIE,Slots,Big or nothing
2478,REBBECCA,Slots,Waller
2477,RONNI,Slots,Ypper software
2476,SALENA,Slots,Viira games
2475,SIGNE,Slots,Okkult games
2474,SOO,Slots,Alarma
2473,SUDIE,Slots,Snooz
2472,SUK,Slots,Flipper
2471,TANNA,Slots,Matlock games
2470,TERRESA,Roulette,Lundqvist gaming
2469,VIVAN,Slots,Starter game
2468,YEN,Slots,Lifo games
2467,ALTHA,Slots,Asta games
2466,ANDREE,Slots,Verigood games
2465,ANGELIKA,Live Games,Gunsmit game
2464,CHIN,Live Games,Guns n games
2463,CIERA,Slots,Linnet gaming
2462,DEBROAH,Slots,Brakker
2461,DELISA,Slots,Livgames
2460,FREDIA,Slots,Fullhand
2459,HALINA,Slots,Nowins
2458,JANETH,Slots,Kuzz
2457,JENNEFER,Slots,Loober
2456,KAREY,Slots,Roppygamez
2455,KATHERN,Slots,Allin
2454,KIMBER,Slots,Nextin
2453,LARAE,Slots,Lemon
2452,LATORIA,Slots,Berry
2451,LERA,Slots,Peteslots
2450,LIGIA,Slots,Gurras games
2449,MALISA,Slots,Gaming kids
2448,MAREN,Slots,Camel games
2447,MARIEL,Slots,Casher
2446,MARNI,Slots,Dumgames
2445,NICKY,Slots,Slotdream
2444,PAMELLA,Slots,Jopsgame
2443,RACHELE,Slots,Verri
2442,SACHIKO,Slots,Gamz
2441,SAMARA,Slots,Happy Games
2439,SONG,Slots,Big or nothing
2438,TAWNY,Slots,Waller
2437,THERESIA,Slots,Ypper software
2436,VENA,Slots,Viira games
2435,ALETHIA,Slots,Okkult games
2434,ALI,Slots,Alarma
2433,ALYSHA,Slots,Snooz
2432,CAPRICE,Slots,Flipper
2431,CECILA,Slots,Matlock games
2430,DELANA,Slots,Lundqvist gaming
2429,DEVONA,Slots,Starter game
2428,DOMINQUE,Slots,Lifo games
2427,EMA,Slots,Asta games
2426,ENOLA,Slots,Verigood games
2425,ERIC,Slots,Gunsmit game
2424,FARAH,Slots,Guns n games
2423,GLADY,Slots,Linnet gaming
2422,GRACIA,Slots,Brakker
2421,HAE,Slots,Livgames
2420,JENI,Slots,Fullhand
2419,JIN,Slots,Nowins
2418,KATHERIN,Slots,Kuzz
2417,LENNA,Slots,Loober
2416,LURLINE,Slots,Roppygamez
2415,MARLEEN,Slots,Allin
2414,MERILYN,Slots,Nextin
2413,MICAH,Slots,Lemon
2412,ONEIDA,Slots,Berry
2411,SARINA,Slots,Peteslots
2410,SHA,Slots,Gurras games
2409,SHONNA,Slots,Gaming kids
2408,STEVIE,Slots,Camel games
2407,TAMALA,Slots,Casher
2406,TRINITY,Slots,Dumgames
2405,VALDA,Slots,Slotdream
2404,ANJANETTE,Slots,Jopsgame
2403,BEVERLEE,Slots,Verri
2402,CARLINE,Roulette,Gamz
2401,DENNIS,Slots,Happy Games
2399,FLORANCE,Slots,Big or nothing
2398,FREDERICA,Roulette,Waller
2397,FREEDA,Slots,Ypper software
2396,GARNETT,Slots,Viira games
2395,GERTRUD,Slots,Okkult games
2394,GLENDORA,Slots,Alarma
2393,HANNELORE,Slots,Snooz
2392,JANETT,Slots,Flipper
2391,JAZMINE,Live Games,Matlock games
2390,JUTTA,Slots,Lundqvist gaming
2389,KINDRA,Slots,Starter game
2388,LAWANA,Slots,Lifo games
2387,MADALINE,Slots,Asta games
2386,MARGERET,Slots,Verigood games
2385,MARNA,Slots,Gunsmit game
2384,NAOMA,Slots,Guns n games
2383,NIKIA,Slots,Linnet gaming
2382,NORMAN,Live Games,Brakker
2381,SAM,Slots,Livgames
2380,SHAWNDA,Slots,Fullhand
2379,SHELBA,Slots,Nowins
2378,VANESA,Slots,Kuzz
2377,VERSIE,Slots,Loober
2376,BABARA,Slots,Roppygamez
2375,BELIA,Slots,Allin
2374,CASIE,Slots,Nextin
2373,CODY,Slots,Lemon
2372,DAISEY,Slots,Berry
2371,DALILA,Slots,Peteslots
2370,DARYL,Slots,Gurras games
2369,ELSE,Slots,Gaming kids
2368,EMMIE,Slots,Camel games
2367,ERLENE,Slots,Casher
2366,JENISE,Slots,Dumgames
2365,JODEE,Slots,Slotdream
2364,KAYLENE,Slots,Jopsgame
2363,KIERA,Slots,Verri
2362,KIESHA,Slots,Gamz
2361,MARGIT,Slots,Happy Games
2359,MERRI,Slots,Big or nothing
2358,MIN,Slots,Waller
2357,PAMELIA,Slots,Ypper software
2356,QUIANA,Live Games,Viira games
2355,SHANEKA,Live Games,Okkult games
2354,SHAWNEE,Slots,Alarma
2353,SKYE,Slots,Snooz
2352,ALBERTINA,Slots,Flipper
2351,ANETTE,Slots,Matlock games
2350,AYANNA,Slots,Lundqvist gaming
2349,BABETTE,Slots,Starter game
2348,CELINE,Slots,Lifo games
2347,CONCHITA,Slots,Asta games
2346,CONSUELA,Slots,Verigood games
2345,COREEN,Slots,Gunsmit game
2344,DAHLIA,Slots,Guns n games
2343,DARNELL,Slots,Linnet gaming
2342,DELINDA,Slots,Brakker
2341,ELAYNE,Slots,Livgames
2340,HENRIETTE,Slots,Fullhand
2339,HENRY,Slots,Nowins
2338,HIROKO,Slots,Kuzz
2337,HYUN,Slots,Loober
2336,IGNACIA,Slots,Roppygamez
2335,JACQULYN,Slots,Allin
2334,JOYE,Slots,Nextin
2333,KILEY,Slots,Lemon
2332,LASHUNDA,Slots,Berry
2331,LEANA,Slots,Peteslots
2330,LONNA,Slots,Gurras games
2329,MICKI,Slots,Gaming kids
2328,MIKKI,Slots,Camel games
2327,NETA,Slots,Casher
2326,SHANICE,Slots,Dumgames
2325,THALIA,Slots,Slotdream
2324,VELVET,Slots,Jopsgame
2323,ARNETTA,Live Games,Verri
2322,CORETTA,Slots,Gamz
2321,DEEANN,Slots,Happy Games
2319,HOLLEY,Slots,Big or nothing
2318,HOLLIS,Slots,Waller
2317,JACKI,Slots,Ypper software
2316,JINA,Slots,Viira games
2315,LARHONDA,Slots,Okkult games
2314,LATICIA,Slots,Alarma
2313,LATRINA,Slots,Snooz
2312,LESIA,Slots,Flipper
2311,LOUVENIA,Slots,Matlock games
2310,NELIA,Slots,Lundqvist gaming
2309,NGOC,Slots,Starter game
2308,RAINA,Live Games,Lifo games
2307,REGENA,Slots,Asta games
2306,ROSAMOND,Slots,Verigood games
2305,SALOME,Slots,Gunsmit game
2304,SHONA,Slots,Guns n games
2303,BRITANY,Slots,Linnet gaming
2302,CARLETTA,Slots,Brakker
2301,ELEASE,Slots,Livgames
2300,HA,Slots,Fullhand
2299,HANA,Slots,Nowins
2298,JANESSA,Slots,Kuzz
2297,JESSI,Slots,Loober
2296,JOLIE,Slots,Roppygamez
2295,KATHALEEN,Slots,Allin
2294,MICHIKO,Slots,Nextin
2293,OLYMPIA,Slots,Lemon
2292,PIPER,Slots,Berry
2291,RACHELL,Slots,Peteslots
2290,ROMELIA,Slots,Gurras games
2289,SUELLEN,Slots,Gaming kids
2288,VINNIE,Slots,Camel games
2287,ALIA,Slots,Casher
2286,ALICA,Slots,Dumgames
2285,AYANA,Slots,Slotdream
2284,CRISTA,Slots,Jopsgame
2283,DIAMOND,Slots,Verri
2282,JESENIA,Slots,Gamz
2281,JESUS,Slots,Happy Games
2279,KOURTNEY,Slots,Big or nothing
2278,LUCRECIA,Slots,Waller
2277,MARGURITE,Slots,Ypper software
2276,NGA,Slots,Viira games
2275,RAMONITA,Slots,Okkult games
2274,RAYNA,Slots,Alarma
2273,SERINA,Slots,Snooz
2272,SHANE,Slots,Flipper
2271,SHAVON,Slots,Matlock games
2270,SHEA,Slots,Lundqvist gaming
2269,SUNG,Slots,Starter game
2268,TARAH,Slots,Lifo games
2267,THU,Slots,Asta games
2266,TWANA,Slots,Verigood games
2265,ARDELLA,Slots,Gunsmit game
2264,ASHLI,Slots,Guns n games
2263,BRIGID,Slots,Linnet gaming
2262,BRUNILDA,Slots,Brakker
2261,DORINE,Slots,Livgames
2260,ELODIA,Slots,Fullhand
2259,FLO,Slots,Nowins
2258,FLORENTINA,Slots,Kuzz
2257,FLORINDA,Slots,Loober
2256,HEIDE,Slots,Roppygamez
2255,IESHA,Slots,Allin
2254,JENELL,Slots,Nextin
2253,JONELLE,Live Games,Lemon
2252,JOSELYN,Live Games,Berry
2251,KATHARINA,Live Games,Peteslots
2250,LARISA,Live Games,Gurras games
2249,LETTY,Slots,Gaming kids
2248,LOYCE,Live Games,Camel games
2247,NICOLLE,Live Games,Casher
2246,OSSIE,Live Games,Dumgames
2245,PATRINA,Live Games,Slotdream
2244,PEARLE,Live Games,Jopsgame
2243,SOMMER,Live Games,Verri
2242,TRUDI,Slots,Gamz
2241,VERNETTA,Slots,Happy Games
2239,YOLANDE,Slots,Big or nothing
2238,YUN,Slots,Waller
2237,ZITA,Slots,Ypper software
2236,AMINA,Live Games,Viira games
2235,BECKIE,Live Games,Okkult games
2234,BRITNI,Live Games,Alarma
2233,CANDIE,Live Games,Snooz
2232,CELESTINA,Slots,Flipper
2231,DEBBI,Slots,Matlock games
2230,DRUCILLA,Slots,Lundqvist gaming
2229,HARMONY,Slots,Starter game
2228,HERMINE,Slots,Lifo games
2227,JANETTA,Slots,Asta games
2226,KARREN,Slots,Verigood games
2225,KENYETTA,Slots,Gunsmit game
2224,MADIE,Slots,Guns n games
2223,MAGALY,Slots,Linnet gaming
2222,MICHEL,Slots,Brakker
2221,STEPHANE,Slots,Livgames
2220,TRUDIE,Slots,Fullhand
2219,VALLIE,Slots,Nowins
2218,VIVIENNE,Slots,Kuzz
2217,ELIZBETH,Slots,Loober
2216,ESTELL,Slots,Roppygamez
2215,EVELINE,Slots,Allin
2214,GEORGENE,Slots,Nextin
2213,GIA,Slots,Lemon
2212,KATTIE,Slots,Berry
2211,KEESHA,Slots,Peteslots
2210,LAVERNA,Slots,Gurras games
2209,LILLA,Slots,Gaming kids
2208,MILA,Slots,Camel games
2207,SHU,Slots,Casher
2206,SPRING,Slots,Dumgames
2205,SUZANN,Slots,Slotdream
2204,THANH,Slots,Jopsgame
2203,ANDREW,Slots,Verri
2202,ANYA,Slots,Gamz
2201,BETHEL,Slots,Happy Games
2199,CHAYA,Slots,Big or nothing
2198,CHUNG,Slots,Waller
2197,DELTA,Slots,Ypper software
2196,JONELL,Slots,Viira games
2195,NICKIE,Slots,Okkult games
2194,NOELLA,Slots,Alarma
2193,PATIENCE,Slots,Snooz
2192,PIA,Slots,Flipper
2191,RETTA,Live Games,Matlock games
2190,THRESA,Slots,Lundqvist gaming
2189,VANNESSA,Slots,Starter game
2188,VIOLETTE,Slots,Lifo games
2187,ZULEMA,Slots,Asta games
2186,ALEJANDRINA,Slots,Verigood games
2185,CLEMENTINA,Slots,Gunsmit game
2184,ELENORA,Slots,Guns n games
2183,EVELYNE,Slots,Linnet gaming
2182,GABRIELE,Slots,Brakker
2181,JENETTE,Slots,Livgames
2180,KALI,Slots,Fullhand
2179,LAILA,Slots,Nowins
2178,LUCINA,Slots,Kuzz
2177,MADALYN,Slots,Loober
2176,MARGARITE,Slots,Roppygamez
2175,NEOMA,Slots,Allin
2174,NIKOLE,Slots,Nextin
2173,RANA,Slots,Lemon
2172,SHARITA,Slots,Berry
2171,TOMIKA,Slots,Peteslots
2170,ALEXANDER,Live Games,Gurras games
2169,BILLYE,Table Games,Gaming kids
2168,CHI,Table Games,Camel games
2167,DALLAS,Table Games,Casher
2166,DENITA,Table Games,Dumgames
2165,DORIAN,Table Games,Slotdream
2164,FLORENCIA,Table Games,Jopsgame
2163,GIGI,Table Games,Verri
2162,KEVIN,Table Games,Gamz
2161,LIEN,Table Games,Happy Games
2159,LOREE,Table Games,Big or nothing
2158,LUVENIA,Slots,Waller
2157,MARIO,Slots,Ypper software
2156,MASAKO,Slots,Viira games
2155,MUI,Slots,Okkult games
2154,PARTICIA,Slots,Alarma
2153,RIKKI,Slots,Snooz
2152,RISA,Slots,Flipper
2151,SANG,Slots,Matlock games
2150,WAI,Slots,Lundqvist gaming
2149,ANTONIO,Slots,Starter game
2148,CARIE,Slots,Lifo games
2147,CARL,Slots,Asta games
2146,DANIA,Slots,Verigood games
2145,DENNISE,Slots,Gunsmit game
2144,EMILEE,Slots,Guns n games
2143,ESTA,Slots,Linnet gaming
2142,EVELINA,Slots,Brakker
2141,HILMA,Slots,Livgames
2140,IDELL,Slots,Fullhand
2139,IRMGARD,Slots,Nowins
2138,KIMBERLI,Slots,Kuzz
2137,MARGARETT,Slots,Loober
2136,QUEENIE,Slots,Roppygamez
2135,RONI,Slots,Allin
2134,RUBIE,Slots,Nextin
2133,TANJA,Slots,Lemon
2132,VINCENZA,Slots,Berry
2131,YING,Live Games,Peteslots
2130,ANTHONY,Live Games,Gurras games
2129,BOBBYE,Live Games,Gaming kids
2128,CHRISTENE,Live Games,Camel games
2127,FALLON,Live Games,Casher
2126,JAY,Live Games,Dumgames
2125,JOHNNY,Live Games,Slotdream
2124,KIZZY,Live Games,Jopsgame
2123,LOREEN,Slots,Verri
2122,MAIRA,Slots,Gamz
2121,MEE,Slots,Happy Games
2119,NIA,Slots,Big or nothing
2118,NICHOL,Slots,Waller
2117,NICOLASA,Slots,Ypper software
2116,NUMBERS,Slots,Viira games
2115,SIMONA,Slots,Okkult games
2114,STORMY,Slots,Alarma
2113,TIFFINY,Slots,Snooz
2112,ADELLE,Slots,Flipper
2111,ALBERTINE,Slots,Matlock games
2110,ARLETTE,Slots,Lundqvist gaming
2109,BRITT,Slots,Starter game
2108,DANYELLE,Slots,Lifo games
2107,KACI,Slots,Asta games
2106,KELI,Slots,Verigood games
2105,LINH,Slots,Gunsmit game
2104,MEG,Slots,Guns n games
2103,SHENA,Slots,Linnet gaming
2102,TAMIE,Slots,Brakker
2101,TEODORA,Slots,Livgames
2100,AFTON,Slots,Fullhand
2099,BREE,Slots,Nowins
2098,EDELMIRA,Slots,Kuzz
2097,KELSIE,Slots,Loober
2096,LANITA,Instant Win,Roppygamez
2095,LUANA,Slots,Allin
2094,MAEGAN,Slots,Nextin
2093,MICKIE,Slots,Lemon
2092,NICHELLE,Slots,Berry
2091,REGAN,Slots,Peteslots
2090,TAMATHA,Slots,Gurras games
2089,TRACEE,Slots,Gaming kids
2088,WILLENE,Slots,Camel games
2087,ANIKA,Slots,Casher
2086,ANTONINA,Slots,Dumgames
2085,CORAZON,Table Games,Slotdream
2084,DELORA,Slots,Jopsgame
2083,DESIRAE,Slots,Verri
2082,DUSTY,Slots,Gamz
2081,EUGENIE,Slots,Happy Games
2079,GRETTA,Slots,Big or nothing
2078,ISELA,Slots,Waller
2077,JOANA,Slots,Ypper software
2076,KEIKO,Slots,Viira games
2075,LINSEY,Slots,Okkult games
2074,MATHILDA,Slots,Alarma
2073,ROMANA,Slots,Snooz
2072,SABINE,Slots,Flipper
2071,SHAWANDA,Slots,Matlock games
2070,SHAY,Slots,Lundqvist gaming
2069,SHERILYN,Slots,Starter game
2068,SUSANN,Slots,Lifo games
2067,TENISHA,Slots,Asta games
2066,YOKO,Slots,Verigood games
2065,ZANDRA,Slots,Gunsmit game
2064,ZULMA,Slots,Guns n games
2063,ANASTACIA,Slots,Linnet gaming
2062,CARON,Slots,Brakker
2061,CLARIBEL,Slots,Livgames
2060,CLYDE,Live Games,Fullhand
2059,CRISTIN,Live Games,Nowins
2058,CYTHIA,Live Games,Kuzz
2057,ELEANORA,Sportsbook,Loober
2056,EMELIA,Slots,Roppygamez
2055,FELISA,Slots,Allin
2054,HUONG,Slots,Nextin
2053,JACKELINE,Slots,Lemon
2052,KACIE,Slots,Berry
2051,KUM,Slots,Peteslots
2050,LAVINIA,Slots,Gurras games
2049,MY,Slots,Gaming kids
2048,PAGE,Slots,Camel games
2047,PATRICK,Slots,Casher
2046,SHAREE,Slots,Dumgames
2045,SHAREN,Slots,Slotdream
2044,ZENOBIA,Slots,Jopsgame
2043,AJA,Slots,Verri
2042,ARCELIA,Slots,Gamz
2041,BARBIE,Slots,Happy Games
2039,CHUN,Slots,Big or nothing
2038,DANNIELLE,Slots,Waller
2037,DEBBRA,Slots,Ypper software
2036,DOMENICA,Slots,Viira games
2035,GABRIEL,Slots,Okkult games
2034,JANAE,Slots,Alarma
2033,KANDACE,Slots,Snooz
2032,KASANDRA,Slots,Flipper
2031,KATHYRN,Table Games,Matlock games
2030,KRISTIAN,Slots,Lundqvist gaming
2029,MADISON,Slots,Starter game
2028,MARYLYN,Slots,Lifo games
2027,MOZELL,Slots,Asta games
2026,OLIVA,Slots,Verigood games
2025,RUFINA,Slots,Gunsmit game
2024,TAMIKO,Slots,Guns n games
2023,THERSA,Slots,Linnet gaming
2022,ALETHEA,Slots,Brakker
2021,ANNELIESE,Slots,Livgames
2020,AYESHA,Slots,Fullhand
2019,BERENICE,Slots,Nowins
2018,CARLYN,Slots,Kuzz
2017,CAROLYNN,Live Games,Loober
2016,DANI,Live Games,Roppygamez
2015,DANIELE,Live Games,Allin
2014,DOROTHA,Slots,Nextin
2013,JANENE,Slots,Lemon
2012,JOI,Slots,Berry
2011,LACI,Slots,Peteslots
2010,LAURENE,Slots,Gurras games
2009,LYLA,Slots,Gaming kids
2008,MARILOU,Slots,Camel games
2007,NELIDA,Slots,Casher
2006,PARIS,Slots,Dumgames
2005,PINKIE,Slots,Slotdream
2004,RANDA,Slots,Jopsgame
2003,SHANDRA,Slots,Verri
2002,SHANI,Slots,Gamz
2001,SHANITA,Slots,Happy Games
1999,SHERON,Slots,Big or nothing
1998,TARSHA,Slots,Waller
1997,WYNONA,Slots,Ypper software
1996,ADINA,Slots,Viira games
1995,DENEEN,Slots,Okkult games
1994,FELICE,Slots,Alarma
1993,KARAN,Slots,Snooz
1992,LESLI,Slots,Flipper
1991,LUCIANA,Slots,Matlock games
1990,MARIELA,Slots,Lundqvist gaming
1989,ROSALINE,Slots,Starter game
1988,VERNIE,Slots,Lifo games
1987,VIVA,Slots,Asta games
1986,VONNIE,Slots,Verigood games
1985,ZAIDA,Slots,Gunsmit game
1984,CATHI,Slots,Guns n games
1983,CRISTI,Slots,Linnet gaming
1982,DENNA,Table Games,Brakker
1981,ELDORA,Live Games,Livgames
1980,ELMIRA,Slots,Fullhand
1979,IN,Slots,Nowins
1978,JANEY,Slots,Kuzz
1977,JUDIE,Slots,Loober
1976,KENYATTA,Slots,Roppygamez
1975,LIANE,Slots,Allin
1974,MARYLEE,Slots,Nextin
1973,MYRTICE,Slots,Lemon
1972,ROSARIA,Slots,Berry
1971,TESS,Slots,Peteslots
1970,ALENA,Slots,Gurras games
1969,CAROLANN,Slots,Gaming kids
1968,CHRISTOPHER,Slots,Camel games
1967,CORRINA,Slots,Casher
1966,HUI,Slots,Dumgames
1965,JENNIFFER,Slots,Slotdream
1964,JETTIE,Slots,Jopsgame
1963,JULISSA,Slots,Verri
1962,KARLENE,Slots,Gamz
1961,KATHRYNE,Instant Win,Happy Games
1959,LISSA,Slots,Big or nothing
1958,MACHELLE,Slots,Waller
1957,PALMA,Slots,Ypper software
1956,SHANELL,Slots,Viira games
1955,STEFANI,Slots,Okkult games
1954,SUNSHINE,Slots,Alarma
1953,EDA,Slots,Snooz
1952,LAI,Slots,Flipper
1951,LEDA,Slots,Matlock games
1950,NINFA,Slots,Lundqvist gaming
1949,PAOLA,Slots,Starter game
1948,ANGELLA,Slots,Lifo games
1947,ASHA,Slots,Asta games
1946,AUGUSTINE,Slots,Verigood games
1945,CARRI,Slots,Gunsmit game
1944,CHAROLETTE,Slots,Guns n games
1943,CHRISTIANE,Slots,Linnet gaming
1942,CLAIR,Slots,Brakker
1941,DELPHIA,Slots,Livgames
1940,ELVERA,Slots,Fullhand
1939,JOHNIE,Slots,Nowins
1938,JULIANN,Slots,Kuzz
1937,LAVADA,Slots,Loober
1936,LUCIENNE,Table Games,Roppygamez
1935,MARTINE,Slots,Allin
1934,MIRA,Slots,Nextin
1933,MYONG,Slots,Lemon
1932,RACQUEL,Slots,Berry
1931,SABRA,Slots,Peteslots
1930,SHANTELL,Slots,Gurras games
1929,SUZIE,Slots,Gaming kids
1928,CHARLETTE,Slots,Camel games
1927,FIONA,Slots,Casher
1926,KATHLYN,Slots,Dumgames
1925,KENNA,Table Games,Slotdream
1924,LEESA,Slots,Jopsgame
1923,LIN,Slots,Verri
1922,LORELEI,Slots,Gamz
1921,MALIA,Slots,Happy Games
1919,SHERRON,Table Games,Big or nothing
1918,ANGLEA,Table Games,Waller
1917,AUREA,Slots,Ypper software
1916,BREANNE,Slots,Viira games
1915,DANICA,Slots,Okkult games
1914,JULIETA,Slots,Alarma
1913,KRISTYN,Slots,Snooz
1912,MERYL,Slots,Flipper
1911,NILSA,Slots,Matlock games
1910,ODELL,Slots,Lundqvist gaming
1908,RASHIDA,Slots,Lifo games
1906,SIOBHAN,Slots,Verigood games
1905,TAMAR,Slots,Gunsmit game
1904,VERNITA,Slots,Guns n games
1903,ADELIA,Slots,Linnet gaming
1900,DORTHEA,Slots,Fullhand
1899,ELANA,Slots,Nowins
1898,JAUNITA,Slots,Kuzz
1897,JERALDINE,Slots,Loober
1896,JOETTA,Slots,Roppygamez
1895,JOEY,Slots,Allin
1894,JOHNETTA,Table Games,Nextin
1893,KACEY,Slots,Lemon
1892,KIRSTIN,Slots,Berry
1891,OTILIA,Slots,Peteslots
1890,STAR,Table Games,Gurras games
1889,YU,Table Games,Gaming kids
1888,ARIELLE,Slots,Camel games
1887,CARLOTA,Slots,Casher
1886,JACALYN,Slots,Dumgames
1885,KIARA,Slots,Slotdream
1884,LENNIE,Slots,Jopsgame
1883,MARRY,Slots,Verri
1882,OCIE,Table Games,Gamz
1881,BEA,Slots,Happy Games
1879,EARTHA,Slots,Big or nothing
1878,EDEN,Slots,Waller
1877,ELFRIEDE,Table Games,Ypper software
1876,EMOGENE,Slots,Viira games
1875,FELICA,Slots,Okkult games
1874,GLORY,Table Games,Alarma
1873,ILIANA,Slots,Snooz
1872,KIMBERELY,Slots,Flipper
1871,LESLEE,Slots,Matlock games
1870,LIANA,Slots,Lundqvist gaming
1869,NELLA,Slots,Starter game
1868,NORINE,Slots,Lifo games
1867,STEPHINE,Slots,Asta games
1866,TANGELA,Slots,Verigood games
1865,VICENTA,Slots,Gunsmit game
1863,ADRIA,Slots,Linnet gaming
1862,CAMERON,Slots,Brakker
1861,GAYNELL,Slots,Livgames
1860,HORTENSIA,Slots,Fullhand
1859,JAMMIE,Slots,Nowins
1858,JUAN,Slots,Kuzz
1857,LORRETTA,Slots,Loober
1856,LYNDSAY,Slots,Roppygamez
1855,MOIRA,Slots,Allin
1853,ZULA,Slots,Lemon
1852,ALYSIA,Slots,Berry
1851,CORENE,Slots,Peteslots
1850,EBONI,Slots,Gurras games
1849,FERNE,Slots,Gaming kids
1848,JOLYNN,Slots,Camel games
1847,KANDY,Slots,Casher
1846,KYLEE,Slots,Dumgames
1845,LANI,Slots,Slotdream
1844,LEANDRA,Slots,Jopsgame
1843,LUE,Slots,Verri
1842,MECHELLE,Slots,Gamz
1841,SHANNAN,Slots,Happy Games
1839,THOMASINA,Slots,Big or nothing
1838,VERONA,Live Games,Waller
1837,YETTA,Slots,Ypper software
1836,BAILEY,Slots,Viira games
1835,EUN,Slots,Okkult games
1834,HULDA,Slots,Alarma
1833,ROSAURA,Slots,Snooz
1832,SHIRLY,Slots,Flipper
1831,WANITA,Slots,Matlock games
1830,AGUSTINA,Slots,Lundqvist gaming
1829,ANNABEL,Slots,Starter game
1828,ASHELY,Slots,Lifo games
1827,CECILY,Slots,Asta games
1826,CHERRI,Slots,Verigood games
1825,DAVIDA,Slots,Gunsmit game
1824,EVELIA,Slots,Guns n games
1823,GLADIS,Slots,Linnet gaming
1822,LITA,Slots,Brakker
1821,LUPITA,Slots,Livgames
1820,MODESTA,Slots,Fullhand
1819,TRESSIE,Slots,Nowins
1818,ALEXIA,Slots,Kuzz
1817,CASSIDY,Slots,Loober
1816,CHRISTIANA,Slots,Roppygamez
1815,HEDWIG,Slots,Allin
1814,LINETTE,Slots,Nextin
1813,MARYJO,Slots,Lemon
1812,NICOLETTE,Slots,Berry
1811,SIGRID,Slots,Peteslots
1810,ALIDA,Slots,Gurras games
1809,ANITRA,Slots,Gaming kids
1808,BRANDEE,Slots,Camel games
1807,CANDANCE,Slots,Casher
1806,CANDIS,Slots,Dumgames
1805,IDALIA,Slots,Slotdream
1804,ILONA,Slots,Jopsgame
1803,IRENA,Slots,Verri
1802,JONNA,Slots,Gamz
1801,KATHLENE,Slots,Happy Games
1799,LAVONDA,Slots,Big or nothing
1798,MARGARETE,Slots,Waller
1797,TALIA,Slots,Ypper software
1796,THOMAS,Slots,Viira games
1795,CHARISSA,Slots,Okkult games
1794,PAUL,Slots,Alarma
1793,TANIKA,Slots,Snooz
1792,VELIA,Slots,Flipper
1791,ZENA,Slots,Matlock games
1790,ZINA,Slots,Lundqvist gaming
1789,CARIN,Slots,Starter game
1788,CLETA,Slots,Lifo games
1787,CYNDI,Slots,Asta games
1786,EVALYN,Slots,Verigood games
1785,GISELE,Slots,Gunsmit game
1784,JERILYN,Slots,Guns n games
1783,LANETTE,Slots,Linnet gaming
1782,ROLANDA,Slots,Brakker
1781,ALMEDA,Slots,Livgames
1780,AWILDA,Slots,Fullhand
1779,CHERRIE,Slots,Nowins
1778,CHEYENNE,Slots,Kuzz
1777,CINDA,Slots,Loober
1776,DARCIE,Slots,Roppygamez
1775,DARLINE,Slots,Allin
1774,KARRI,Slots,Nextin
1773,KRISTAN,Slots,Lemon
1772,KRYSTYNA,Slots,Berry
1771,LEATHA,Slots,Peteslots
1770,LYDA,Slots,Gurras games
1769,NOELIA,Slots,Gaming kids
1768,ROSALVA,Slots,Camel games
1767,SUZY,Slots,Casher
1766,ASHLY,Slots,Dumgames
1765,CHANTELLE,Slots,Slotdream
1764,CIARA,Slots,Jopsgame
1763,DEDRA,Slots,Verri
1762,DEMETRA,Slots,Gamz
1761,FLORENE,Slots,Happy Games
1759,LORINDA,Slots,Big or nothing
1758,LU,Slots,Waller
1757,MINDI,Slots,Ypper software
1756,NELLE,Slots,Viira games
1755,STEPHANI,Slots,Okkult games
1754,TANESHA,Slots,Alarma
1753,ALBERTHA,Slots,Snooz
1752,ASHLIE,Slots,Flipper
1751,CIERRA,Slots,Matlock games
1750,DAVINA,Slots,Lundqvist gaming
1749,ELNA,Slots,Starter game
1748,JACINTA,Table Games,Lifo games
1747,KARIE,Table Games,Asta games
1746,LI,Table Games,Verigood games
1745,MIRTA,Slots,Gunsmit game
1744,SADE,Slots,Guns n games
1743,TAWANNA,Slots,Linnet gaming
1742,VELVA,Slots,Brakker
1741,CHANA,Slots,Livgames
1740,CHERISE,Slots,Fullhand
1739,ENEDINA,Slots,Nowins
1738,ETHELYN,Slots,Kuzz
1737,EVON,Slots,Loober
1736,GOLDA,Slots,Roppygamez
1735,MARIBETH,Slots,Allin
1734,MILISSA,Slots,Nextin
1733,RINA,Slots,Lemon
1732,SARITA,Slots,Berry
1731,SU,Instant Win,Peteslots
1730,ADELLA,Instant Win,Gurras games
1729,ESTRELLA,Slots,Gaming kids
1728,FONDA,Slots,Camel games
1727,GERALYN,Slots,Casher
1726,HETTIE,Slots,Dumgames
1725,HOA,Slots,Slotdream
1724,INGA,Slots,Jopsgame
1723,JAZMIN,Slots,Verri
1722,MAZIE,Slots,Gamz
1721,MELONIE,Slots,Happy Games
1719,SHIRLEE,Slots,Big or nothing
1718,STEPHAINE,Slots,Waller
1717,TRISH,Slots,Ypper software
1716,VAN,Slots,Viira games
1715,VITA,Slots,Okkult games
1714,ZORA,Slots,Alarma
1713,AUDRY,Slots,Snooz
1712,CHRISTEL,Slots,Flipper
1711,GEMMA,Slots,Matlock games
1710,GIOVANNA,Slots,Lundqvist gaming
1709,INGEBORG,Slots,Starter game
1708,JOSE,Slots,Lifo games
1707,MERCY,Slots,Asta games
1706,NORENE,Slots,Verigood games
1705,RONNA,Slots,Gunsmit game
1704,TOMMY,Slots,Guns n games
1703,ALYCIA,Slots,Linnet gaming
1702,AMERICA,Slots,Brakker
1701,DEAN,Table Games,Livgames
1700,DEB,Table Games,Fullhand
1699,KANDI,Slots,Nowins
1698,KANDICE,Slots,Kuzz
1697,MARLO,Slots,Loober
1696,NIDIA,Slots,Roppygamez
1695,RANDY,Slots,Allin
1694,SHERRYL,Slots,Nextin
1693,SYBLE,Slots,Lemon
1692,ZONA,Slots,Berry
1691,BRITTANI,Slots,Peteslots
1690,HAILEY,Slots,Gurras games
1689,ILSE,Slots,Gaming kids
1688,JADA,Table Games,Camel games
1687,KALA,Table Games,Casher
1686,LACIE,Slots,Dumgames
1685,MARTI,Slots,Slotdream
1684,SHALONDA,Slots,Jopsgame
1683,TOMEKA,Table Games,Verri
1682,ARACELY,Slots,Gamz
1681,ASHTON,Slots,Happy Games
1679,JOLEEN,Slots,Big or nothing
1678,RHIANNON,Slots,Waller
1677,SALINA,Slots,Ypper software
1676,SUSANNAH,Slots,Viira games
1675,YOSHIKO,Slots,Okkult games
1674,ANH,Instant Win,Alarma
1673,ENA,Instant Win,Snooz
1672,JAMILA,Instant Win,Flipper
1671,JENNETTE,Instant Win,Matlock games
1670,KORI,Instant Win,Lundqvist gaming
1669,MELONY,Instant Win,Starter game
1668,META,Instant Win,Lifo games
1667,MIRIAN,Instant Win,Asta games
1666,TIERRA,Instant Win,Verigood games
1665,CAROLEE,Instant Win,Gunsmit game
1664,HERMELINDA,Table Games,Guns n games
1663,JERRIE,Table Games,Linnet gaming
1662,LAURETTE,Slots,Brakker
1661,LIZBETH,Slots,Livgames
1660,MARVEL,Slots,Fullhand
1659,ORPHA,Slots,Nowins
1658,MACKENZIE,Slots,Kuzz
1657,NYDIA,Slots,Loober
1656,PENNIE,Slots,Roppygamez
1655,PRUDENCE,Slots,Allin
1654,TEENA,Slots,Nextin
1653,YASMIN,Slots,Lemon
1652,YOLONDA,Slots,Berry
1651,CARYL,Slots,Peteslots
1650,CHERLY,Slots,Gurras games
1649,FELICITAS,Slots,Gaming kids
1648,STARR,Slots,Camel games
1647,CAITLYN,Slots,Casher
1646,ELAINA,Slots,Dumgames
1645,FARRAH,Slots,Slotdream
1643,JAIMIE,Slots,Verri
1642,JEANE,Slots,Gamz
1641,LOVIE,Slots,Happy Games
1639,NANNETTE,Slots,Big or nothing
1638,NENA,Slots,Waller
1637,SHAMIKA,Slots,Ypper software
1636,VERGIE,Instant Win,Viira games
1635,XIOMARA,Instant Win,Okkult games
1634,ZOLA,Instant Win,Alarma
1633,ARMIDA,Slots,Snooz
1632,ARTIE,Slots,Flipper
1631,DARCI,Slots,Matlock games
1630,DORI,Slots,Lundqvist gaming
1629,FELISHA,Slots,Starter game
1628,FLORIDA,Instant Win,Lifo games
1627,HONG,Slots,Asta games
1626,KAROLYN,Slots,Verigood games
1625,LINNEA,Table Games,Gunsmit game
1624,SHAINA,Table Games,Guns n games
1623,ADRIANE,Table Games,Linnet gaming
1622,ALESHA,Table Games,Brakker
1621,ARDIS,Table Games,Livgames
1620,ARDITH,Slots,Fullhand
1619,CHERYLE,Slots,Nowins
1618,GISELLE,Slots,Kuzz
1617,JENNI,Slots,Loober
1616,KEELY,Slots,Roppygamez
1615,LISE,Slots,Allin
1614,LIZABETH,Slots,Nextin
1613,MYRIAM,Slots,Lemon
1612,SANTOS,Slots,Berry
1611,SHERITA,Slots,Peteslots
1610,TAWNYA,Slots,Gurras games
1609,TOYA,Slots,Gaming kids
1608,ALBINA,Slots,Camel games
1607,CINTHIA,Slots,Casher
1606,DEVIN,Slots,Dumgames
1605,EVONNE,Slots,Slotdream
1604,JOSEPHINA,Slots,Jopsgame
1603,MARGARETTE,Slots,Verri
1601,MELINA,Slots,Happy Games
1599,CARINA,Slots,Big or nothing
1598,JENELLE,Slots,Waller
1597,MAYBELLE,Slots,Ypper software
1596,NILA,Slots,Viira games
1595,NOVELLA,Slots,Okkult games
1594,PEGGIE,Slots,Alarma
1593,TRESA,Slots,Snooz
1592,CARLEEN,Slots,Flipper
1590,ERA,Slots,Lundqvist gaming
1589,JOELLEN,Slots,Starter game
1588,KYLE,Slots,Lifo games
1587,LIDA,Slots,Asta games
1586,MAGNOLIA,Slots,Verigood games
1585,ROSEANNA,Slots,Gunsmit game
1584,ROXANE,Table Games,Guns n games
1583,ABBEY,Table Games,Linnet gaming
1582,ALANNA,Table Games,Brakker
1581,CORINNA,Table Games,Livgames
1580,DANIELLA,Slots,Fullhand
1579,DARIA,Slots,Nowins
1578,ENRIQUETA,Slots,Kuzz
1577,KARISSA,Table Games,Loober
1576,LASHANDA,Slots,Roppygamez
1575,TIFFANIE,Slots,Allin
1574,JOANIE,Slots,Nextin
1573,RICHARD,Slots,Lemon
1572,TAWANDA,Slots,Berry
1571,THUY,Slots,Peteslots
1570,ALESIA,Slots,Gurras games
1569,ANABEL,Slots,Gaming kids
1568,MITTIE,Slots,Camel games
1567,PHYLISS,Slots,Casher
1566,SHARA,Slots,Dumgames
1565,SHERRILL,Slots,Slotdream
1564,JEANETTA,Slots,Jopsgame
1563,KYUNG,Slots,Verri
1562,LAVINA,Slots,Gamz
1561,SHAYNA,Slots,Happy Games
1559,EVIE,Slots,Big or nothing
1558,GARNET,Slots,Waller
1557,HORTENSE,Slots,Ypper software
1556,LAVON,Table Games,Viira games
1555,MARYLIN,Slots,Okkult games
1554,BAMBI,Slots,Alarma
1553,EDIE,Slots,Snooz
1552,GERDA,Slots,Flipper
1551,LAKESHIA,Slots,Matlock games
1550,LEATRICE,Live Games,Lundqvist gaming
1549,LUCIE,Live Games,Starter game
1548,MARK,Live Games,Lifo games
1547,OK,Live Games,Asta games
1546,SHERIE,Live Games,Verigood games
1545,TOBY,Live Games,Gunsmit game
1544,TONY,Live Games,Guns n games
1543,CANDELARIA,Live Games,Linnet gaming
1542,ILEANA,Live Games,Brakker
1541,KYONG,Slots,Livgames
1540,LORENZA,Slots,Fullhand
1539,MIREYA,Slots,Nowins
1538,BONNY,Slots,Kuzz
1537,CHELSIE,Slots,Loober
1536,FELIPA,Slots,Roppygamez
1535,IRA,Slots,Allin
1534,JOYCELYN,Slots,Nextin
1533,KASSANDRA,Slots,Lemon
1532,MARITA,Slots,Berry
1531,SANJUANA,Slots,Peteslots
1530,BRIGETTE,Slots,Gurras games
1529,CORY,Slots,Gaming kids
1528,MARANDA,Table Games,Camel games
1527,MARILEE,Slots,Casher
1526,NANCI,Slots,Dumgames
1525,RONA,Slots,Slotdream
1524,SANJUANITA,Slots,Jopsgame
1523,BLANCH,Slots,Verri
1522,CHARISSE,Slots,Gamz
1521,KYRA,Slots,Happy Games
1519,PHYLIS,Slots,Big or nothing
1518,STARLA,Slots,Waller
1517,AMI,Slots,Ypper software
1516,CHRISSY,Slots,Viira games
1515,JANINA,Slots,Okkult games
1514,KENDALL,Slots,Alarma
1513,LYNDSEY,Slots,Snooz
1512,NICOLA,Slots,Flipper
1511,RONNIE,Slots,Matlock games
1510,ZORAIDA,Slots,Lundqvist gaming
1509,ADRIANNA,Slots,Starter game
1508,ALETA,Slots,Lifo games
1507,ALTAGRACIA,Slots,Asta games
1506,BERNITA,Slots,Verigood games
1505,CARMAN,Slots,Gunsmit game
1504,DONITA,Slots,Guns n games
1503,DORINDA,Slots,Linnet gaming
1502,ELENOR,Slots,Brakker
1501,JENIFFER,Slots,Livgames
1500,LISETTE,Slots,Fullhand
1499,LULU,Slots,Nowins
1498,MARNIE,Slots,Kuzz
1497,MARTY,Slots,Loober
1496,SCARLETT,Slots,Roppygamez
1495,TERESE,Slots,Allin
1494,CARY,Slots,Nextin
1493,CHANDA,Slots,Lemon
1492,MARCELINA,Slots,Berry
1491,RUBYE,Slots,Peteslots
1490,SHANTE,Slots,Gurras games
1489,TERESSA,Slots,Gaming kids
1488,VICKEY,Slots,Camel games
1487,FAWN,Slots,Casher
1486,HOLLI,Slots,Dumgames
1485,JANEEN,Slots,Slotdream
1484,LAUREEN,Slots,Jopsgame
1483,SIDNEY,Slots,Verri
1482,ASTRID,Slots,Gamz
1481,BILLY,Slots,Happy Games
1479,DAWNA,Slots,Big or nothing
1478,JONNIE,Slots,Waller
1477,LEISA,Slots,Ypper software
1476,MARIANN,Slots,Viira games
1475,ROSINA,Slots,Okkult games
1474,SOON,Table Games,Alarma
1473,WINDY,Table Games,Snooz
1472,CARLOTTA,Slots,Flipper
1471,LATOSHA,Slots,Matlock games
1470,MICKEY,Slots,Lundqvist gaming
1469,SHANTA,Slots,Starter game
1468,DIAN,Slots,Lifo games
1467,ELIZEBETH,Slots,Asta games
1466,SHAMEKA,Table Games,Verigood games
1465,SHIRLENE,Slots,Gunsmit game
1464,TRENA,Slots,Guns n games
1463,VENITA,Slots,Linnet gaming
1462,ADELAIDA,Slots,Brakker
1461,LISSETTE,Slots,Livgames
1460,MAGDALENE,Slots,Fullhand
1459,MEAGHAN,Slots,Nowins
1458,RUTHANN,Slots,Kuzz
1457,SHARLA,Slots,Loober
1456,WINNIFRED,Slots,Roppygamez
1455,ALDA,Slots,Allin
1454,BROOK,Slots,Nextin
1453,CATINA,Slots,Lemon
1452,GEORGIE,Slots,Berry
1451,KAMI,Slots,Peteslots
1450,LINNIE,Slots,Gurras games
1449,NATIVIDAD,Slots,Gaming kids
1448,DULCE,Slots,Camel games
1447,EASTER,Slots,Casher
1446,EULALIA,Slots,Dumgames
1445,IMA,Slots,Slotdream
1444,KESHIA,Slots,Jopsgame
1443,ANDRA,Table Games,Verri
1442,DEBI,Table Games,Gamz
1441,GERRI,Table Games,Happy Games
1439,LEONE,Slots,Big or nothing
1438,SUNNY,Slots,Waller
1437,CRISTAL,Slots,Ypper software
1436,DORTHA,Slots,Viira games
1435,LIA,Slots,Okkult games
1434,VALORIE,Slots,Alarma
1433,CARROL,Slots,Snooz
1432,CHANEL,Slots,Flipper
1431,CHARLINE,Slots,Matlock games
1430,DANELLE,Slots,Lundqvist gaming
1429,JEANA,Slots,Starter game
1428,KESHA,Slots,Lifo games
1427,KIA,Slots,Asta games
1426,LINDY,Slots,Verigood games
1425,LIZETTE,Slots,Gunsmit game
1424,MAUD,Slots,Guns n games
1423,NIKI,Slots,Linnet gaming
1422,CHANTAL,Slots,Brakker
1421,SHARYN,Slots,Livgames
1420,ADELL,Slots,Fullhand
1419,ANNAMARIE,Slots,Nowins
1418,FABIOLA,Slots,Kuzz
1417,HELLEN,Slots,Loober
1416,LAN,Slots,Roppygamez
1415,LATONIA,Slots,Allin
1414,NEDRA,Slots,Nextin
1413,PRECIOUS,Slots,Lemon
1412,TWYLA,Slots,Berry
1411,VIVIANA,Slots,Peteslots
1410,ANISSA,Slots,Gurras games
1409,CHARLEEN,Slots,Gaming kids
1408,COLLETTE,Slots,Camel games
1407,LATRICIA,Slots,Casher
1406,MYRTIS,Slots,Dumgames
1405,VIOLETA,Slots,Slotdream
1404,ASIA,Slots,Jopsgame
1403,CORRIE,Slots,Verri
1402,DEBRAH,Slots,Gamz
1401,GINNY,Slots,Happy Games
1399,MELVINA,Slots,Big or nothing
1398,ROSELYN,Slots,Waller
1397,VERLA,Slots,Ypper software
1396,VIKKI,Slots,Viira games
1395,DONNIE,Slots,Okkult games
1394,JESICA,Slots,Alarma
1393,JULI,Slots,Snooz
1392,MARIAM,Slots,Flipper
1391,THEDA,Slots,Matlock games
1390,TYRA,Slots,Lundqvist gaming
1389,ARIANA,Slots,Starter game
1388,DORCAS,Slots,Lifo games
1387,FLOY,Slots,Asta games
1386,GEORGIANNA,Slots,Verigood games
1385,IVORY,Slots,Gunsmit game
1384,MI,Slots,Guns n games
1383,RENATA,Slots,Linnet gaming
1382,RENATE,Slots,Brakker
1381,ROSALBA,Slots,Livgames
1380,CLEMENTINE,Slots,Fullhand
1379,COREY,Slots,Nowins
1378,GENOVEVA,Slots,Kuzz
1377,ONA,Slots,Loober
1376,ROSALINA,Slots,Roppygamez
1375,VENESSA,Slots,Allin
1374,BELEN,Slots,Nextin
1373,SHANTEL,Slots,Lemon
1372,SHARONDA,Slots,Berry
1371,THEA,Slots,Peteslots
1370,DARLEEN,Slots,Gurras games
1369,GERTIE,Slots,Gaming kids
1368,MARCELLE,Slots,Camel games
1367,NATHALIE,Slots,Casher
1366,SABINA,Slots,Dumgames
1365,STEPHENIE,Slots,Slotdream
1364,TENA,Slots,Jopsgame
1363,DELFINA,Slots,Verri
1362,JOSEPH,Slots,Gamz
1361,KYLA,Slots,Happy Games
1359,NEREIDA,Slots,Big or nothing
1358,RAVEN,Slots,Waller
1357,TOSHA,Slots,Ypper software
1356,BLAIR,Slots,Viira games
1355,JOVITA,Slots,Okkult games
1354,SUZANNA,Slots,Alarma
1353,ALAINA,Slots,Snooz
1352,IDELLA,Slots,Flipper
1351,JACQUE,Slots,Matlock games
1350,OLETA,Slots,Lundqvist gaming
1349,PRINCESS,Slots,Starter game
1348,RAY,Slots,Lifo games
1347,RICHELLE,Slots,Asta games
1346,ROMA,Slots,Verigood games
1345,TIANA,Slots,Gunsmit game
1344,GABRIELLA,Slots,Guns n games
1343,GERRY,Slots,Linnet gaming
1342,KAROL,Slots,Brakker
1341,MAGDA,Slots,Livgames
1340,STEPHANY,Slots,Fullhand
1339,VALENTINA,Slots,Nowins
1338,CECIL,Slots,Kuzz
1337,HILDEGARD,Table Games,Loober
1336,LONNIE,Table Games,Roppygamez
1335,SHANON,Table Games,Allin
1334,CANDI,Table Games,Nextin
1333,GEORGIANA,Table Games,Lemon
1332,LAQUITA,Table Games,Berry
1331,LOUIS,Table Games,Peteslots
1330,TRISTA,Table Games,Gurras games
1329,CHIQUITA,Table Games,Gaming kids
1328,JOSETTE,Table Games,Camel games
1327,CORDELIA,Table Games,Casher
1326,JOELLE,Table Games,Dumgames
1325,MARIAH,Table Games,Slotdream
1324,MOZELLE,Table Games,Jopsgame
1323,SHELLI,Slots,Verri
1322,ANTONETTE,Slots,Gamz
1321,DANIEL,Slots,Happy Games
1319,PERLA,Slots,Big or nothing
1318,YADIRA,Slots,Waller
1317,ALPHA,Slots,Ypper software
1316,GEORGE,Slots,Viira games
1315,HERLINDA,Slots,Okkult games
1314,MAJORIE,Slots,Alarma
1313,NICKI,Slots,Snooz
1312,HAYLEY,Slots,Flipper
1311,IVONNE,Slots,Matlock games
1310,LAVERN,Slots,Lundqvist gaming
1309,AURA,Slots,Starter game
1308,JOHNNA,Slots,Lifo games
1307,MARLYS,Slots,Asta games
1306,VELDA,Slots,Verigood games
1305,MEI,Slots,Gunsmit game
1304,NIKITA,Slots,Guns n games
1303,MICAELA,Slots,Linnet gaming
1302,ROXANN,Slots,Brakker
1301,STACIA,Slots,Livgames
1300,CHASTITY,Slots,Fullhand
1299,GENE,Slots,Nowins
1298,JOE,Slots,Kuzz
1297,MISTI,Slots,Loober
1296,TONJA,Slots,Roppygamez
1295,GAYE,Slots,Allin
1294,JACQUELIN,Slots,Nextin
1293,MIMI,Slots,Lemon
1292,ROMONA,Slots,Berry
1291,DOVIE,Slots,Peteslots
1290,LEONORA,Slots,Gurras games
1289,LUCILA,Slots,Gaming kids
1288,PHILOMENA,Slots,Camel games
1287,ANDRIA,Slots,Casher
1286,JULIANNA,Slots,Dumgames
1285,LOREN,Slots,Slotdream
1284,LOUANN,Slots,Jopsgame
1283,SAMMIE,Slots,Verri
1282,TATIANA,Slots,Gamz
1281,BRENNA,Slots,Happy Games
1279,DORENE,Slots,Big or nothing
1278,KARON,Slots,Waller
1277,LORINE,Slots,Ypper software
1276,LUANNE,Slots,Viira games
1275,MARLENA,Slots,Okkult games
1274,NAKIA,Slots,Alarma
1273,BELVA,Instant Win,Snooz
1272,CARROLL,Instant Win,Flipper
1271,CATHARINE,Instant Win,Matlock games
1270,DAMARIS,Instant Win,Lundqvist gaming
1269,DAVID,Instant Win,Starter game
1268,TRINIDAD,Instant Win,Lifo games
1267,ALINA,Instant Win,Asta games
1266,ELOUISE,Instant Win,Verigood games
1265,EVETTE,Instant Win,Gunsmit game
1264,FLOR,Instant Win,Guns n games
1263,MARCELA,Instant Win,Linnet gaming
1262,MARJORY,Instant Win,Brakker
1261,PEARLINE,Instant Win,Livgames
1260,ARETHA,Instant Win,Fullhand
1259,UNA,Slots,Nowins
1258,VADA,Slots,Kuzz
1257,CARIDAD,Instant Win,Loober
1256,HARRIETTE,Instant Win,Roppygamez
1255,ZENAIDA,Instant Win,Allin
1254,CHARLES,Instant Win,Nextin
1253,FILOMENA,Instant Win,Lemon
1252,GILLIAN,Instant Win,Berry
1251,MARGE,Instant Win,Peteslots
1250,BETTINA,Instant Win,Gurras games
1249,ALETHA,Instant Win,Gaming kids
1248,HAYDEE,Instant Win,Camel games
1247,ELYSE,Instant Win,Casher
1246,JUNG,Instant Win,Dumgames
1245,KRISTAL,Instant Win,Slotdream
1244,PRICILLA,Instant Win,Jopsgame
1243,ROXANA,Instant Win,Verri
1242,CORI,Instant Win,Gamz
1241,MISSY,Slots,Happy Games
1239,TIARA,Instant Win,Big or nothing
1238,ANNEMARIE,Slots,Waller
1237,BERNIECE,Slots,Ypper software
1236,CARMELITA,Slots,Viira games
1235,CRISTY,Slots,Okkult games
1234,FELICITA,Slots,Alarma
1233,NOEL,Slots,Snooz
1232,VENUS,Slots,Flipper
1231,KERRIE,Instant Win,Matlock games
1230,MIRNA,Instant Win,Lundqvist gaming
1229,RYAN,Instant Win,Starter game
1228,TAMELA,Instant Win,Lifo games
1227,ALEXA,Instant Win,Asta games
1226,LURA,Instant Win,Verigood games
1225,MELODIE,Instant Win,Gunsmit game
1224,SANTA,Instant Win,Guns n games
1223,DOMINGA,Instant Win,Linnet gaming
1222,MANDI,Instant Win,Brakker
1221,TOMASA,Instant Win,Livgames
1220,VERNELL,Instant Win,Fullhand
1217,BREANNA,Instant Win,Loober
1216,LEOTA,Instant Win,Roppygamez
1215,PAULINA,Instant Win,Allin
1214,TANA,Slots,Nextin
1213,TIFFANI,Virtual Sports,Lemon
1212,ELISSA,Virtual Sports,Berry
1211,CHARLA,Instant Win,Peteslots
1210,PILAR,Instant Win,Gurras games
1209,CHRISTAL,Slots,Gaming kids
1208,KYLIE,Instant Win,Camel games
1207,LAURETTA,Instant Win,Casher
1206,REINA,Instant Win,Dumgames
1205,RETA,Virtual Sports,Slotdream
1204,ZOILA,Instant Win,Jopsgame
1203,ANNETTA,Instant Win,Verri
1202,BELLA,Instant Win,Gamz
1201,DALIA,Instant Win,Happy Games
1199,MELLISSA,Instant Win,Big or nothing
1198,ELLIE,Slots,Waller
1197,KISHA,Slots,Ypper software
1196,MAYME,Slots,Viira games
1195,ROXANNA,Slots,Okkult games
1194,VALENCIA,Slots,Alarma
1193,CHARLIE,Slots,Snooz
1192,GISELA,Slots,Flipper
1191,IONE,Slots,Matlock games
1190,ISABELL,Slots,Lundqvist gaming
1189,ZOE,Slots,Starter game
1188,BARB,Slots,Lifo games
1187,CATHRINE,Slots,Asta games
1186,CRUZ,Slots,Verigood games
1185,ERLINDA,Virtual Sports,Gunsmit game
1184,LORRI,Table Games,Guns n games
1183,PHILLIS,Table Games,Linnet gaming
1182,SHANDA,Table Games,Brakker
1180,INDIA,Table Games,Fullhand
1179,RENITA,Table Games,Nowins
1178,VESTA,Table Games,Kuzz
1177,LARISSA,Table Games,Loober
1176,MADONNA,Table Games,Roppygamez
1175,MATILDE,Table Games,Allin
1173,SAMATHA,Instant Win,Lemon
1172,ALVA,Instant Win,Berry
1171,LETTIE,Instant Win,Peteslots
1170,LYN,Instant Win,Gurras games
1169,SHAYLA,Table Games,Gaming kids
1168,SUZAN,Table Games,Camel games
1167,ALVINA,Table Games,Casher
1166,CANDIDA,Table Games,Dumgames
1165,KIRA,Table Games,Slotdream
1164,MAYA,Table Games,Jopsgame
1159,CHRISTIN,Table Games,Big or nothing
1158,VERDA,Table Games,Waller
1157,OMA,Table Games,Ypper software
1156,TAWANA,Table Games,Viira games
1155,DARA,Table Games,Okkult games
1154,DEVON,Table Games,Alarma
1153,LASHAWN,Table Games,Snooz
1152,MERRY,Table Games,Flipper
1151,PORTIA,Table Games,Matlock games
1150,SHIELA,Table Games,Lundqvist gaming
1149,VERNICE,Table Games,Starter game
1148,ADELINA,Table Games,Lifo games
1147,ALECIA,Table Games,Asta games
1146,DANIELA,Table Games,Verigood games
1145,DINAH,Table Games,Gunsmit game
1144,KARRIE,Table Games,Guns n games
1143,LUCRETIA,Table Games,Linnet gaming
1142,MARILYNN,Table Games,Brakker
1141,TERA,Table Games,Livgames
1140,TESSIE,Table Games,Fullhand
1139,PATTIE,Table Games,Nowins
1138,VEDA,Table Games,Kuzz
1136,JANEL,Table Games,Roppygamez
1135,ATHENA,Table Games,Allin
1134,CHRISTEN,Table Games,Nextin
1133,IVETTE,Table Games,Lemon
1132,MIGDALIA,Table Games,Berry
1131,SOLEDAD,Table Games,Peteslots
1130,AGATHA,Table Games,Gurras games
1128,MARISELA,Table Games,Camel games
1127,SHELLIE,Table Games,Casher
1126,CHANTEL,Table Games,Dumgames
1125,LONA,Table Games,Slotdream
1124,MALISSA,Table Games,Jopsgame
1123,CAREN,Table Games,Verri
1122,CELESTINE,Table Games,Gamz
1121,ELOISA,Table Games,Happy Games
1118,WILLIAM,Table Games,Waller
1117,MARIANNA,Table Games,Ypper software
1116,ROSITA,Table Games,Viira games
1115,VIDA,Table Games,Okkult games
1114,WINONA,Table Games,Alarma
1113,ARIEL,Table Games,Snooz
1112,HANNA,Table Games,Flipper
1109,CINDI,Table Games,Starter game
1108,DANNA,Table Games,Lifo games
1107,NILDA,Table Games,Asta games
1106,BRIANNE,Table Games,Verigood games
1105,DELPHINE,Table Games,Gunsmit game
1104,FREDDIE,Table Games,Guns n games
1103,MARYJANE,Table Games,Linnet gaming
1102,DANETTE,Table Games,Brakker
1095,DELILAH,Table Games,Allin
1094,JEANNA,Table Games,Nextin
1093,MAUDIE,Table Games,Lemon
1092,DEBBY,Table Games,Berry
1091,ELIA,Table Games,Peteslots
1090,TARYN,Table Games,Gurras games
1089,JENA,Table Games,Gaming kids
1088,YONG,Table Games,Camel games
1087,LATRICE,Table Games,Casher
1086,MAURINE,Table Games,Dumgames
1085,ROSALEE,Table Games,Slotdream
1084,WILHELMINA,Table Games,Jopsgame
1083,BIRDIE,Table Games,Verri
1082,TREVA,Table Games,Gamz
1081,CARI,Table Games,Happy Games
1079,TILLIE,Table Games,Big or nothing
1078,FATIMA,Table Games,Waller
1077,RETHA,Table Games,Ypper software
1074,DESTINY,Table Games,Alarma
1073,JAQUELINE,Table Games,Snooz
1072,CHONG,Table Games,Flipper
1071,DELMA,Table Games,Matlock games
1070,DEMETRIA,Table Games,Lundqvist gaming
1069,ADRIANNE,Table Games,Starter game
1068,ELIDA,Table Games,Lifo games
1067,ERNESTINA,Table Games,Asta games
1066,GRISELDA,Table Games,Verigood games
1065,AUBREY,Table Games,Gunsmit game
1064,BELLE,Table Games,Guns n games
1063,BENNIE,Table Games,Linnet gaming
1062,DOTTIE,Table Games,Brakker
1061,IOLA,Table Games,Livgames
1058,REBECA,Table Games,Kuzz
1057,JACQULINE,Table Games,Loober
1056,SUN,Table Games,Roppygamez
1055,ROSALIA,Table Games,Allin
1054,CARYN,Table Games,Nextin
1053,DAYNA,Table Games,Lemon
1052,MICHAELA,Table Games,Berry
1051,PAMALA,Table Games,Peteslots
1050,ALLENE,Table Games,Gurras games
1049,GERI,Table Games,Gaming kids
1048,LAKESHA,Table Games,Camel games
1047,SELINA,Table Games,Casher
1046,ASHLEIGH,Table Games,Dumgames
1045,EDYTHE,Table Games,Slotdream
1044,JESSE,Table Games,Jopsgame
1043,KAITLYN,Table Games,Verri
1042,ROCIO,Table Games,Gamz
1041,ABBIE,Table Games,Happy Games
1039,EMILIE,Table Games,Big or nothing
1038,GUSSIE,Table Games,Waller
1037,JUSTINA,Table Games,Ypper software
1036,MA,Table Games,Viira games
1035,ELDA,Table Games,Okkult games
1032,JASMIN,Table Games,Flipper
1031,KIMBERLEE,Table Games,Matlock games
1030,MELLISA,Table Games,Lundqvist gaming
1029,MINA,Table Games,Starter game
1028,LATANYA,Table Games,Lifo games
1027,GAYLA,Table Games,Asta games
1026,KATHI,Table Games,Verigood games
1025,LIBBY,Table Games,Gunsmit game
1024,DESSIE,Table Games,Guns n games
1023,ELISHA,Table Games,Linnet gaming
1022,LEEANN,Table Games,Brakker
1021,NAN,Table Games,Livgames
1020,ADELAIDE,Table Games,Fullhand
1019,BOBBY,Table Games,Nowins
1018,MARGOT,Table Games,Kuzz
1017,ANTIONETTE,Table Games,Loober
1016,CHELSEY,Table Games,Roppygamez
1015,JUDI,Table Games,Allin
1014,LASHONDA,Table Games,Nextin
1013,MONIKA,Table Games,Lemon
1012,DEIDRA,Table Games,Berry
1011,SYDNEY,Table Games,Peteslots
1010,DORETHA,Table Games,Gurras games
1009,NELLY,Table Games,Gaming kids
1005,GERMAINE,Live Games,Slotdream
1004,DENICE,Live Games,Jopsgame
1003,JADE,Live Games,Verri
1002,OCTAVIA,Table Games,Gamz
1001,TORI,Table Games,Happy Games
999,TERRA,Table Games,Big or nothing
998,HERMINIA,Table Games,Waller
997,ISABELLA,Table Games,Ypper software
996,ROBERT,Table Games,Viira games
995,BEVERLEY,Table Games,Okkult games
994,LESA,Table Games,Alarma
993,SHARLENE,Table Games,Snooz
992,FELECIA,Slots,Flipper
991,LETA,Table Games,Matlock games
990,LOUELLA,Table Games,Lundqvist gaming
989,BRANDIE,Table Games,Starter game
988,DEANN,Table Games,Lifo games
987,KITTY,Table Games,Asta games
986,LETITIA,Table Games,Verigood games
985,NOELLE,Table Games,Gunsmit game
984,ELBA,Table Games,Guns n games
983,PANSY,Table Games,Linnet gaming
981,ALYSON,Table Games,Livgames
980,BRIGITTE,Table Games,Fullhand
979,ALBA,Table Games,Nowins
978,BERTIE,Table Games,Kuzz
977,CONCETTA,Table Games,Loober
976,INES,Table Games,Roppygamez
975,JANELL,Table Games,Allin
974,FANNY,Table Games,Nextin
973,TWILA,Table Games,Lemon
972,REYNA,Table Games,Berry
971,ROWENA,Table Games,Peteslots
970,FLORINE,Table Games,Gurras games
969,LOLITA,Table Games,Gaming kids
968,KAITLIN,Table Games,Camel games
967,BRITNEY,Table Games,Casher
966,FRANCESCA,Table Games,Dumgames
965,ANGELIQUE,Table Games,Slotdream
964,TAMERA,Table Games,Jopsgame
963,TISHA,Table Games,Verri
962,HOLLIE,Table Games,Gamz
961,MARQUITA,Table Games,Happy Games
959,ADRIAN,Table Games,Big or nothing
958,GILDA,Table Games,Waller
957,HELGA,Table Games,Ypper software
956,LAURI,Table Games,Viira games
955,LIZ,Table Games,Okkult games
954,MARYELLEN,Table Games,Alarma
953,CARISSA,Table Games,Snooz
952,DIANN,Table Games,Flipper
951,KATHERYN,Table Games,Matlock games
950,MILLICENT,Table Games,Lundqvist gaming
949,PHOEBE,Table Games,Starter game
948,BERYL,Table Games,Lifo games
947,KATINA,Table Games,Asta games
946,ANNMARIE,Table Games,Verigood games
945,DIONNE,Table Games,Gunsmit game
944,JANNIE,Table Games,Guns n games
943,ANGELITA,Table Games,Linnet gaming
942,BRIDGETT,Table Games,Brakker
941,CASANDRA,Table Games,Livgames
940,LELIA,Table Games,Fullhand
939,CATHRYN,Table Games,Nowins
938,HESTER,Table Games,Kuzz
937,MARA,Table Games,Loober
936,MADELEINE,Table Games,Roppygamez
935,FREIDA,Table Games,Allin
934,JACKLYN,Table Games,Nextin
919,AISHA,Table Games,Big or nothing
918,TAMRA,Table Games,Waller
917,COLEEN,Table Games,Ypper software
916,AMPARO,Table Games,Viira games
915,CAREY,Table Games,Okkult games
914,LEANNA,Live Games,Alarma
913,ALFREDA,Table Games,Snooz
912,CORINA,Table Games,Flipper
911,LYNNETTE,Table Games,Matlock games
910,ROSELLA,Table Games,Lundqvist gaming
909,NATALIA,Table Games,Starter game
908,VILMA,Table Games,Lifo games
907,ANASTASIA,Table Games,Asta games
906,SAVANNAH,Table Games,Verigood games
905,AMALIA,Table Games,Gunsmit game
904,LESSIE,Table Games,Guns n games
903,CHRISTIAN,Table Games,Linnet gaming
902,YOUNG,Table Games,Brakker
901,LILIANA,Table Games,Livgames
900,AUGUSTA,Table Games,Fullhand
899,JOSEFA,Table Games,Nowins
898,AURELIA,Table Games,Kuzz
897,DEENA,Live Games,Loober
895,JANNA,Table Games,Allin
894,MADELYN,Table Games,Nextin
893,SASHA,Table Games,Lemon
892,ARLINE,Table Games,Berry
891,LEONOR,Table Games,Peteslots
890,MARCI,Table Games,Gurras games
889,MARIETTA,Table Games,Gaming kids
888,IMELDA,Table Games,Camel games
887,MARVA,Table Games,Casher
886,BERTA,Table Games,Dumgames
885,TESSA,Table Games,Slotdream
884,WENDI,Table Games,Jopsgame
883,ROSANNE,Table Games,Verri
882,KATELYN,Table Games,Gamz
881,ARACELI,Table Games,Happy Games
879,GENA,Table Games,Big or nothing
878,DEIRDRE,Table Games,Waller
877,ALYCE,Table Games,Ypper software
876,ELVIA,Table Games,Viira games
875,JAMES,Table Games,Okkult games
874,CARLY,Table Games,Alarma
873,SHEREE,Table Games,Snooz
872,CHASITY,Table Games,Flipper
870,REVA,Table Games,Lundqvist gaming
869,SUSANNA,Live Games,Starter game
868,LAKEISHA,Table Games,Lifo games
867,ROSEANN,Table Games,Asta games
866,ALISSA,Table Games,Verigood games
865,FRAN,Table Games,Gunsmit game
864,CLAUDINE,Table Games,Guns n games
863,GEORGETTE,Table Games,Linnet gaming
862,MARI,Table Games,Brakker
861,MITZI,Table Games,Livgames
860,NONA,Slots,Fullhand
859,VALERIA,Table Games,Nowins
858,OPHELIA,Table Games,Kuzz
857,EDDIE,Table Games,Loober
856,KATHIE,Table Games,Roppygamez
855,MADGE,Table Games,Allin
854,NADIA,Table Games,Nextin
853,YESENIA,Table Games,Lemon
852,LAWANDA,Table Games,Berry
851,MELVA,Table Games,Peteslots
850,COLETTE,Table Games,Gurras games
849,EVANGELINE,Table Games,Gaming kids
848,MARYANNE,Table Games,Camel games
847,KASEY,Table Games,Casher
846,LUANN,Table Games,Dumgames
845,ALINE,Table Games,Slotdream
844,JULIANA,Table Games,Jopsgame
843,LILIAN,Table Games,Verri
842,DEANNE,Table Games,Gamz
841,LINA,Table Games,Happy Games
839,MERLE,Table Games,Big or nothing
838,JERRY,Table Games,Waller
837,KAYE,Table Games,Ypper software
836,CORINE,Table Games,Viira games
835,SUZETTE,Table Games,Okkult games
834,TAMMI,Table Games,Alarma
833,KRIS,Table Games,Snooz
832,ILENE,Table Games,Flipper
831,LAVONNE,Table Games,Matlock games
830,CHARMAINE,Table Games,Lundqvist gaming
829,NANETTE,Table Games,Starter game
828,KATHRINE,Table Games,Lifo games
827,ROSLYN,Table Games,Asta games
826,ROXIE,Table Games,Verigood games
825,DOLLIE,Table Games,Gunsmit game
824,KENYA,Table Games,Guns n games
823,MARGERY,Table Games,Linnet gaming
822,MARICELA,Table Games,Brakker
821,EDWINA,Table Games,Livgames
820,LAKISHA,Table Games,Fullhand
819,JOHN,Table Games,Nowins
818,JULIANNE,Table Games,Kuzz
817,KATY,Table Games,Loober
816,TANISHA,Table Games,Roppygamez
815,SELENA,Table Games,Allin
814,NITA,Table Games,Nextin
813,CARLENE,Table Games,Lemon
812,MALLORY,Table Games,Berry
811,EARLENE,Table Games,Peteslots
810,LOUISA,Table Games,Gurras games
809,ANNABELLE,Table Games,Gaming kids
808,LIZA,Table Games,Camel games
807,MARCIE,Table Games,Casher
806,NOEMI,Table Games,Dumgames
805,TAYLOR,Table Games,Slotdream
804,CARMELLA,Table Games,Jopsgame
803,EARNESTINE,Table Games,Verri
802,DARCY,Table Games,Gamz
801,JERRI,Table Games,Happy Games
799,MICHAEL,Table Games,Big or nothing
798,ELINOR,Table Games,Waller
794,ALANA,Slots,Alarma
793,LILIA,Slots,Snooz
792,JORDAN,Slots,Flipper
791,ROSALINDA,Slots,Matlock games
790,ALTHEA,Slots,Lundqvist gaming
789,AMIE,Slots,Starter game
788,HILLARY,Slots,Lifo games
787,SAUNDRA,Slots,Asta games
786,TAMEKA,Slots,Verigood games
785,NOREEN,Slots,Gunsmit game
784,MALINDA,Slots,Guns n games
783,ZELMA,Slots,Linnet gaming
782,PEARLIE,Slots,Brakker
781,EVE,Slots,Livgames
780,KARINA,Slots,Fullhand
779,ESMERALDA,Slots,Nowins
778,TOMMIE,Slots,Kuzz
777,TANIA,Slots,Loober
776,ASHLEE,Slots,Roppygamez
775,ALLYSON,Slots,Allin
774,BENITA,Slots,Nextin
773,EMILIA,Slots,Lemon
772,MILAGROS,Slots,Berry
771,PENELOPE,Slots,Peteslots
770,LORAINE,Slots,Gurras games
769,HARRIETT,Slots,Gaming kids
768,NANNIE,Slots,Camel games
767,ODESSA,Slots,Casher
766,JEANIE,Slots,Dumgames
765,SOFIA,Slots,Slotdream
764,ALLIE,Slots,Jopsgame
763,AVIS,Slots,Verri
762,SERENA,Slots,Gamz
761,TABATHA,Slots,Happy Games
759,MARYLOU,Slots,Big or nothing
758,NEVA,Slots,Waller
757,LENORE,Slots,Ypper software
756,CHANDRA,Slots,Viira games
755,ELNORA,Slots,Okkult games
754,JAMI,Slots,Alarma
753,ERICKA,Slots,Snooz
752,DONA,Slots,Flipper
751,RAE,Slots,Matlock games
750,SHARRON,Slots,Lundqvist gaming
749,TIA,Slots,Starter game
748,CONCEPCION,Slots,Lifo games
747,ALEXANDRIA,Slots,Asta games
746,CORRINE,Slots,Verigood games
745,LIDIA,Slots,Gunsmit game
744,CLARISSA,Slots,Guns n games
743,MIA,Slots,Linnet gaming
742,AVA,Slots,Brakker
741,CATALINA,Slots,Livgames
740,EARLINE,Slots,Fullhand
739,ROSALYN,Slots,Nowins
738,BRIANNA,Slots,Kuzz
737,VALARIE,Slots,Loober
736,ESTELA,Slots,Roppygamez
735,HILARY,Slots,Allin
734,LETHA,Slots,Nextin
733,TERRIE,Slots,Lemon
732,LILLY,Slots,Berry
731,MINERVA,Slots,Peteslots
730,NELDA,Slots,Gurras games
729,RUTHIE,Slots,Gaming kids
728,GRETA,Slots,Camel games
727,ILA,Slots,Casher
726,FLOSSIE,Slots,Dumgames
725,BERNADINE,Slots,Slotdream
724,NOLA,Slots,Jopsgame
723,ADELA,Slots,Verri
722,HALEY,Slots,Gamz
721,RHODA,Slots,Happy Games
719,LEANN,Slots,Big or nothing
718,ELIZA,Slots,Waller
717,GEORGINA,Slots,Ypper software
716,BARBRA,Slots,Viira games
715,LATISHA,Slots,Okkult games
714,VIRGIE,Slots,Alarma
713,RANDI,Slots,Snooz
712,BETTYE,Slots,Flipper
711,SIMONE,Slots,Matlock games
710,BIANCA,Slots,Lundqvist gaming
709,CORNELIA,Slots,Starter game
708,LEILA,Slots,Lifo games
707,MATILDA,Slots,Asta games
706,AUDRA,Slots,Verigood games
705,MEAGAN,Slots,Gunsmit game
704,OFELIA,Slots,Guns n games
703,MAGDALENA,Slots,Linnet gaming
702,JERI,Slots,Brakker
698,DEE,Slots,Kuzz
696,DALE,Slots,Roppygamez
695,LARA,Slots,Allin
694,ABBY,Slots,Nextin
693,SYBIL,Slots,Lemon
692,DOLLY,Slots,Berry
691,SELMA,Slots,Peteslots
690,GALE,Slots,Gurras games
689,MANUELA,Slots,Gaming kids
688,WILLA,Slots,Camel games
687,LADONNA,Slots,Casher
686,LORIE,Slots,Dumgames
685,AILEEN,Slots,Slotdream
684,DEANA,Slots,Jopsgame
683,JEANNINE,Slots,Verri
682,LEANNE,Slots,Gamz
681,LUCILE,Slots,Happy Games
679,BOBBI,Slots,Big or nothing
678,CALLIE,Slots,Waller
677,MAVIS,Slots,Ypper software
676,MARGO,Slots,Viira games
675,MARTINA,Slots,Okkult games
674,RENE,Slots,Alarma
673,SOCORRO,Slots,Snooz
672,DOMINIQUE,Slots,Flipper
671,MARGRET,Slots,Matlock games
670,LUELLA,Slots,Lundqvist gaming
669,ELMA,Slots,Starter game
668,JUSTINE,Slots,Lifo games
667,JIMMIE,Slots,Asta games
666,CHRISTI,Slots,Verigood games
665,LEA,Slots,Gunsmit game
664,STACI,Slots,Guns n games
663,JODIE,Slots,Linnet gaming
662,SUMMER,Slots,Brakker
661,KATHARINE,Slots,Livgames
660,AUTUMN,Slots,Fullhand
659,GABRIELLE,Slots,Nowins
658,ANGELIA,Slots,Kuzz
657,CATHLEEN,Slots,Loober
656,CLAUDETTE,Slots,Roppygamez
655,MILLIE,Slots,Allin
654,SHAUNA,Slots,Nextin
653,ROBBIE,Slots,Lemon
652,LILY,Slots,Berry
651,FRIEDA,Slots,Peteslots
650,ANGELINE,Slots,Gurras games
649,SHEENA,Slots,Gaming kids
648,JEANINE,Slots,Camel games
647,CLARICE,Slots,Casher
646,MARISOL,Slots,Dumgames
645,BEATRIZ,Slots,Slotdream
644,TONIA,Slots,Jopsgame
643,CHARITY,Slots,Verri
642,ROSALIND,Slots,Gamz
641,MARISA,Slots,Happy Games
639,SONDRA,Slots,Big or nothing
638,GRACIE,Slots,Waller
637,JACLYN,Slots,Ypper software
636,JAYNE,Slots,Viira games
635,MAYRA,Slots,Okkult games
634,ADELINE,Slots,Alarma
633,SHANA,Slots,Snooz
632,KIRSTEN,Slots,Flipper
631,LIZZIE,Slots,Matlock games
630,URSULA,Slots,Lundqvist gaming
629,KERI,Slots,Starter game
628,GABRIELA,Slots,Lifo games
627,GLENNA,Slots,Asta games
626,LACEY,Slots,Verigood games
625,KEISHA,Slots,Gunsmit game
624,JOLENE,Slots,Guns n games
623,IMOGENE,Slots,Linnet gaming
622,GRACIELA,Slots,Brakker
621,PETRA,Slots,Livgames
620,ESTER,Slots,Fullhand
619,ALTA,Slots,Nowins
618,DAPHNE,Slots,Kuzz
617,LEOLA,Slots,Loober
616,RACHELLE,Slots,Roppygamez
615,JONI,Slots,Allin
614,PAIGE,Slots,Nextin
613,JOCELYN,Slots,Lemon
612,LESLEY,Slots,Berry
611,ISABELLE,Slots,Peteslots
610,CECILE,Slots,Gurras games
609,ELISE,Slots,Gaming kids
608,SUSANA,Slots,Camel games
607,BETTE,Slots,Casher
606,SUSANNE,Slots,Dumgames
605,MARIBEL,Slots,Slotdream
604,LOU,Slots,Jopsgame
603,ALISA,Slots,Verri
602,LUPE,Slots,Gamz
601,MOLLIE,Slots,Happy Games
599,OLA,Slots,Big or nothing
598,ROSARIO,Slots,Waller
597,STEFANIE,Slots,Ypper software
596,CLEO,Slots,Viira games
595,CAROLINA,Slots,Okkult games
594,HELENA,Slots,Alarma
593,SHANNA,Slots,Snooz
592,KIMBERLEY,Slots,Flipper
591,PATRICA,Slots,Matlock games
590,ESPERANZA,Slots,Lundqvist gaming
589,TRUDY,Slots,Starter game
588,NELL,Slots,Lifo games
587,DOROTHEA,Slots,Asta games
586,JILLIAN,Slots,Verigood games
585,FAY,Slots,Gunsmit game
584,JEWELL,Slots,Guns n games
583,DINA,Slots,Linnet gaming
582,POLLY,Slots,Brakker
581,CHERIE,Slots,Livgames
580,DEBORA,Slots,Fullhand
579,ROSETTA,Slots,Nowins
578,TAMIKA,Slots,Kuzz
577,CONSUELO,Slots,Loober
576,MORGAN,Slots,Roppygamez
575,CANDY,Slots,Allin
574,LATONYA,Slots,Nextin
572,LORNA,Slots,Berry
571,DENA,Slots,Peteslots
570,FRANKIE,Slots,Gurras games
569,THERESE,Slots,Gaming kids
568,JENIFER,Slots,Camel games
567,MAUDE,Slots,Casher
566,CASSIE,Slots,Dumgames
565,GOLDIE,Slots,Slotdream
564,CHRISTA,Slots,Jopsgame
563,EUGENIA,Slots,Verri
562,IVA,Slots,Gamz
561,INGRID,Slots,Happy Games
559,AIDA,Slots,Big or nothing
558,ELISABETH,Slots,Waller
557,BETTIE,Slots,Ypper software
556,INA,Slots,Viira games
555,KELSEY,Slots,Okkult games
554,CORINNE,Slots,Alarma
553,ELVA,Slots,Snooz
552,FERN,Slots,Flipper
551,HELENE,Slots,Matlock games
550,LAUREL,Slots,Lundqvist gaming
549,LOURDES,Slots,Starter game
548,JANELLE,Slots,Lifo games
547,BRITTNEY,Slots,Asta games
546,KARIN,Slots,Verigood games
545,MARISSA,Slots,Gunsmit game
544,TRACIE,Slots,Guns n games
543,JOSIE,Slots,Linnet gaming
542,FRANCISCA,Slots,Brakker
541,ESTELLA,Slots,Livgames
540,NIKKI,Slots,Fullhand
539,TRISHA,Slots,Nowins
538,KERRI,Slots,Kuzz
537,LOTTIE,Slots,Loober
536,ETTA,Slots,Roppygamez
535,LENORA,Slots,Allin
534,AURORA,Slots,Nextin
533,SALLIE,Slots,Lemon
532,SHAWN,Slots,Berry
531,REBA,Slots,Peteslots
530,TRINA,Slots,Gurras games
529,EFFIE,Slots,Gaming kids
528,CHRIS,Slots,Camel games
527,DORTHY,Slots,Casher
526,LUCINDA,Slots,Dumgames
525,REBEKAH,Slots,Slotdream
524,ADELE,Slots,Jopsgame
523,CARA,Slots,Verri
522,JEWEL,Slots,Gamz
521,CELESTE,Slots,Happy Games
519,SHELBY,Slots,Big or nothing
518,CHERI,Slots,Waller
517,ADRIANA,Slots,Ypper software
516,STACIE,Slots,Viira games
515,DELORIS,Slots,Okkult games
514,FRANCINE,Slots,Alarma
513,ADDIE,Slots,Snooz
512,SHERRIE,Slots,Flipper
511,RONDA,Slots,Matlock games
510,PATRICE,Slots,Lundqvist gaming
509,BONITA,Slots,Starter game
508,LATASHA,Slots,Lifo games
507,TAMMIE,Slots,Asta games
506,MARLA,Slots,Verigood games
505,MYRNA,Slots,Gunsmit game
504,RENA,Slots,Guns n games
503,AIMEE,Slots,Linnet gaming
502,ALISHA,Slots,Brakker
501,MARINA,Slots,Livgames
500,KRISTIE,Slots,Fullhand
499,WINIFRED,Slots,Nowins
498,JAIME,Slots,Kuzz
497,OLLIE,Slots,Loober
496,TABITHA,Slots,Roppygamez
495,NETTIE,Slots,Allin
494,ORA,Slots,Nextin
493,MELBA,Slots,Lemon
492,EBONY,Slots,Berry
491,ELISA,Slots,Peteslots
490,SHAWNA,Slots,Gurras games
489,TAMI,Slots,Gaming kids
488,CAMILLE,Slots,Camel games
487,SHARI,Slots,Casher
486,JOHANNA,Slots,Dumgames
485,LELA,Slots,Slotdream
484,FAITH,Slots,Jopsgame
483,MARTA,Slots,Verri
482,LUCIA,Slots,Gamz
481,DIXIE,Slots,Happy Games
479,JEANNIE,Slots,Big or nothing
478,JOSEFINA,Slots,Waller
477,ELSA,Slots,Ypper software
476,LORENE,Slots,Viira games
475,MANDY,Slots,Okkult games
474,ESSIE,Slots,Alarma
473,MINDY,Slots,Snooz
472,MAY,Slots,Flipper
471,DARLA,Slots,Matlock games
470,LANA,Slots,Lundqvist gaming
469,LILA,Slots,Starter game
468,SONJA,Slots,Lifo games
467,KELLIE,Slots,Asta games
466,LORENA,Slots,Verigood games
465,PATTI,Slots,Gunsmit game
464,KATE,Slots,Guns n games
463,SOPHIE,Slots,Linnet gaming
462,DELIA,Slots,Brakker
461,CASEY,Slots,Livgames
460,ELVIRA,Slots,Fullhand
459,SILVIA,Slots,Nowins
458,TASHA,Slots,Kuzz
457,ALEXIS,Slots,Loober
456,OLIVE,Slots,Roppygamez
455,LAVERNE,Slots,Allin
454,TRICIA,Slots,Nextin
453,JENNA,Slots,Lemon
452,KERRY,Slots,Berry
451,GWEN,Slots,Peteslots
450,KELLEY,Slots,Gurras games
449,JANA,Slots,Gaming kids
448,ALYSSA,Slots,Camel games
447,HENRIETTA,Slots,Casher
446,RAQUEL,Slots,Dumgames
445,CECELIA,Slots,Slotdream
444,GRETCHEN,Slots,Jopsgame
443,ROCHELLE,Slots,Verri
442,ELOISE,Slots,Gamz
441,SOPHIA,Slots,Happy Games
439,LEIGH,Slots,Big or nothing
438,EULA,Slots,Waller
437,CRISTINA,Slots,Ypper software
436,TERI,Slots,Viira games
435,LYNETTE,Slots,Okkult games
434,MEREDITH,Slots,Alarma
433,MERCEDES,Slots,Snooz
432,FREDA,Slots,Flipper
431,CHRISTIE,Slots,Matlock games
430,BETSY,Slots,Lundqvist gaming
429,JANIS,Slots,Starter game
428,GINGER,Slots,Lifo games
427,HOPE,Slots,Asta games
426,ANTONIA,Slots,Verigood games
425,DESIREE,Slots,Gunsmit game
424,ANGEL,Slots,Guns n games
423,ROSEMARIE,Slots,Linnet gaming
422,DOREEN,Slots,Brakker
421,MONA,Slots,Livgames
420,LORA,Slots,Fullhand
419,PAULETTE,Slots,Nowins
418,DIANNA,Slots,Kuzz
417,ESTELLE,Slots,Loober
416,KARI,Slots,Roppygamez
415,NADINE,Slots,Allin
414,ANGELINA,Slots,Nextin
413,KRYSTAL,Slots,Lemon
412,ELENA,Slots,Berry
411,MARCELLA,Slots,Peteslots
410,MURIEL,Slots,Gurras games
409,ERNESTINE,Slots,Gaming kids
408,MABLE,Slots,Camel games
407,CHELSEA,Slots,Casher
406,RACHAEL,Slots,Dumgames
405,NICHOLE,Slots,Slotdream
404,JASMINE,Slots,Jopsgame
403,KENDRA,Slots,Verri
402,JODY,Slots,Gamz
401,TRACI,Slots,Happy Games
399,SADIE,Slots,Big or nothing
398,BETHANY,Slots,Waller
397,BROOKE,Slots,Ypper software
396,ALEXANDRA,Slots,Viira games
395,ROSALIE,Slots,Okkult games
394,ADRIENNE,Slots,Alarma
393,FRANCIS,Slots,Snooz
392,ROBYN,Slots,Flipper
391,JOHNNIE,Slots,Matlock games
390,ANGELICA,Slots,Lundqvist gaming
389,ROXANNE,Slots,Starter game
388,KRISTA,Slots,Lifo games
387,PAT,Slots,Asta games
386,LETICIA,Slots,Verigood games
385,MYRA,Slots,Gunsmit game
384,BLANCA,Slots,Guns n games
383,ERMA,Slots,Linnet gaming
382,JACQUELYN,Slots,Brakker
381,KARA,Slots,Livgames
380,MARIANNE,Slots,Fullhand
379,SHERI,Slots,Nowins
378,LYNNE,Slots,Kuzz
377,VICKY,Slots,Loober
376,DELLA,Slots,Roppygamez
375,GAYLE,Slots,Allin
374,SHELIA,Slots,Nextin
373,PATTY,Slots,Lemon
372,LATOYA,Slots,Berry
371,CELIA,Slots,Peteslots
370,KARLA,Slots,Gurras games
369,BRIDGET,Slots,Gaming kids
368,WHITNEY,Slots,Camel games
367,HANNAH,Slots,Casher
366,KELLI,Slots,Dumgames
365,PAM,Slots,Slotdream
364,JEANNETTE,Slots,Jopsgame
363,JUANA,Slots,Verri
362,CANDICE,Slots,Gamz
361,ANTOINETTE,Slots,Happy Games
359,VERNA,Slots,Big or nothing
358,LOLA,Slots,Waller
357,LULA,Slots,Ypper software
356,MAMIE,Slots,Viira games
355,KRISTY,Slots,Okkult games
354,SHELLEY,Slots,Alarma
353,FLORA,Slots,Snooz
352,OLIVIA,Slots,Flipper
351,SUSIE,Slots,Matlock games
350,LUZ,Slots,Lundqvist gaming
349,MELODY,Slots,Starter game
348,YVETTE,Slots,Lifo games
347,ALISON,Slots,Asta games
346,OPAL,Slots,Verigood games
345,MARYANN,Slots,Gunsmit game
344,FANNIE,Slots,Guns n games
343,CANDACE,Slots,Linnet gaming
342,KRISTINE,Slots,Brakker
341,LEE,Slots,Livgames
340,JAN,Slots,Fullhand
339,SONYA,Slots,Nowins
338,KAYLA,Slots,Kuzz
337,MAGGIE,Slots,Loober
336,JANIE,Slots,Roppygamez
335,JODI,Slots,Allin
334,MONIQUE,Slots,Nextin
333,GENEVIEVE,Slots,Lemon
332,ALBERTA,Slots,Berry
331,AMELIA,Slots,Peteslots
330,MADELINE,Slots,Gurras games
329,LYNDA,Slots,Gaming kids
328,INEZ,Slots,Camel games
327,ANGIE,Slots,Casher
326,EUNICE,Slots,Dumgames
325,IRIS,Slots,Slotdream
324,JOANNA,Slots,Jopsgame
323,ROSIE,Slots,Verri
322,SANDY,Slots,Gamz
321,BLANCHE,Slots,Happy Games
319,KRISTI,Slots,Big or nothing
318,CECILIA,Slots,Waller
317,MOLLY,Slots,Ypper software
316,HARRIET,Slots,Viira games
315,HATTIE,Slots,Okkult games
314,MARGUERITE,Slots,Alarma
313,ISABEL,Slots,Snooz
312,SABRINA,Slots,Flipper
311,NATASHA,Slots,Matlock games
310,ADA,Slots,Lundqvist gaming
309,FAYE,Slots,Starter game
308,CORA,Slots,Lifo games
307,SHERYL,Slots,Asta games
306,MARGARITA,Slots,Verigood games
305,BELINDA,Slots,Gunsmit game
304,GUADALUPE,Slots,Guns n games
303,GENEVA,Slots,Linnet gaming
302,LINDSAY,Slots,Brakker
301,LINDSEY,Slots,Livgames
300,CLAIRE,Slots,Fullhand
299,KATRINA,Slots,Nowins
298,ERIKA,Slots,Kuzz
297,SHERRI,Slots,Loober
296,RAMONA,Slots,Roppygamez
295,DAISY,Slots,Allin
294,SHELLY,Slots,Nextin
293,MAE,Slots,Lemon
292,MISTY,Slots,Berry
291,TONI,Slots,Peteslots
290,KRISTINA,Slots,Gurras games
289,VIOLET,Slots,Gaming kids
288,BOBBIE,Slots,Camel games
287,BECKY,Slots,Casher
286,VELMA,Slots,Dumgames
285,MIRIAM,Slots,Slotdream
284,SONIA,Slots,Jopsgame
283,FELICIA,Slots,Verri
282,JENNY,Slots,Gamz
281,LEONA,Slots,Happy Games
279,DIANNE,Slots,Big or nothing
278,BILLIE,Slots,Waller
277,OLGA,Slots,Ypper software
276,BRANDY,Slots,Viira games
275,CAROLE,Slots,Okkult games
274,NAOMI,Slots,Alarma
273,PRISCILLA,Slots,Snooz
272,KAY,Slots,Flipper
271,PENNY,Slots,Matlock games
270,LEAH,Slots,Lundqvist gaming
269,CASSANDRA,Slots,Starter game
268,NINA,Slots,Lifo games
267,MARGIE,Slots,Asta games
266,NORA,Slots,Verigood games
265,JENNIE,Slots,Gunsmit game
264,GWENDOLYN,Slots,Guns n games
263,HILDA,Slots,Linnet gaming
262,PATSY,Slots,Brakker
261,DEANNA,Slots,Livgames
260,CHRISTY,Slots,Fullhand
259,LENA,Slots,Nowins
258,MYRTLE,Slots,Kuzz
257,MARSHA,Slots,Loober
256,MABEL,Slots,Roppygamez
255,IRMA,Slots,Allin
254,MAXINE,Slots,Nextin
253,TERRY,Slots,Lemon
252,MATTIE,Slots,Berry
251,VICKIE,Slots,Peteslots
250,JO,Slots,Gurras games
249,DORA,Slots,Gaming kids
248,CAROLINE,Slots,Camel games
247,STELLA,Slots,Casher
246,MARIAN,Slots,Dumgames
245,COURTNEY,Slots,Slotdream
244,VIOLA,Slots,Jopsgame
243,LYDIA,Slots,Verri
242,GLENDA,Slots,Gamz
241,HEIDI,Slots,Happy Games
239,MINNIE,Slots,Big or nothing
238,NELLIE,Slots,Waller
237,TANYA,Slots,Ypper software
236,MARCIA,Slots,Viira games
235,JACKIE,Slots,Okkult games
234,CLAUDIA,Slots,Alarma
233,LILLIE,Slots,Snooz
232,CONSTANCE,Slots,Flipper
231,GEORGIA,Slots,Matlock games
230,JOY,Slots,Lundqvist gaming
229,TAMARA,Slots,Starter game
228,ALLISON,Slots,Lifo games
227,COLLEEN,Slots,Asta games
226,MAUREEN,Slots,Verigood games
225,ARLENE,Slots,Gunsmit game
224,PEARL,Slots,Guns n games
223,MELINDA,Slots,Linnet gaming
222,DELORES,Slots,Brakker
221,BESSIE,Slots,Livgames
220,CHARLENE,Slots,Fullhand
219,WILLIE,Slots,Nowins
218,VERA,Slots,Kuzz
217,AGNES,Slots,Loober
216,NATALIE,Slots,Roppygamez
215,JESSIE,Slots,Allin
214,KRISTIN,Slots,Nextin
213,GINA,Slots,Lemon
212,WILMA,Slots,Berry
211,STACEY,Slots,Peteslots
210,ELLA,Slots,Gurras games
209,TONYA,Slots,Gaming kids
208,LUCY,Slots,Camel games
207,GERTRUDE,Slots,Casher
206,TERRI,Slots,Dumgames
205,EILEEN,Slots,Slotdream
204,ROSEMARY,Slots,Jopsgame
203,TARA,Slots,Verri
202,CARLA,Slots,Gamz
201,VICKI,Slots,Happy Games
199,BETH,Slots,Big or nothing
198,ELSIE,Slots,Waller
197,SUE,Slots,Ypper software
196,ALMA,Slots,Viira games
195,VANESSA,Slots,Okkult games
194,KRISTEN,Slots,Alarma
193,KATIE,Slots,Snooz
192,LAURIE,Slots,Flipper
191,JEANETTE,Slots,Matlock games
190,YOLANDA,Slots,Lundqvist gaming
189,LORETTA,Slots,Starter game
188,MELANIE,Slots,Lifo games
187,BRITTANY,Slots,Asta games
186,HOLLY,Slots,Verigood games
185,ROBERTA,Slots,Gunsmit game
184,VIVIAN,Slots,Guns n games
183,IDA,Slots,Linnet gaming
182,RENEE,Slots,Brakker
181,ANA,Slots,Livgames
180,STACY,Slots,Fullhand
179,DANA,Slots,Nowins
178,MARION,Slots,Kuzz
177,SAMANTHA,Slots,Loober
176,JUNE,Slots,Roppygamez
175,ANNETTE,Slots,Allin
174,YVONNE,Slots,Nextin
173,AUDREY,Slots,Lemon
172,BERNICE,Slots,Berry
171,DOLORES,Slots,Peteslots
170,BEATRICE,Slots,Gurras games
169,ERICA,Slots,Gaming kids
168,REGINA,Slots,Camel games
167,SALLY,Slots,Casher
166,LYNN,Slots,Dumgames
165,LORRAINE,Slots,Slotdream
164,JOANN,Slots,Jopsgame
163,CATHY,Slots,Verri
162,LAUREN,Slots,Gamz
161,GERALDINE,Slots,Happy Games
159,JILL,Slots,Big or nothing
158,VERONICA,Slots,Waller
157,DARLENE,Slots,Ypper software
156,BERTHA,Slots,Viira games
155,GAIL,Slots,Okkult games
154,MICHELE,Slots,Alarma
153,SUZANNE,Slots,Snooz
152,ALICIA,Slots,Flipper
151,MEGAN,Slots,Matlock games
150,DANIELLE,Slots,Lundqvist gaming
149,VALERIE,Slots,Starter game
148,ELEANOR,Slots,Lifo games
147,JOANNE,Slots,Asta games
146,JAMIE,Slots,Verigood games
145,LUCILLE,Slots,Gunsmit game
144,CLARA,Slots,Guns n games
143,LESLIE,Slots,Linnet gaming
142,APRIL,Slots,Brakker
141,DEBBIE,Slots,Livgames
140,EVA,Slots,Fullhand
139,AMBER,Slots,Nowins
138,HAZEL,Slots,Kuzz
137,RHONDA,Slots,Loober
136,ANITA,Slots,Roppygamez
135,JUANITA,Slots,Allin
134,EMMA,Slots,Nextin
133,PAULINE,Slots,Lemon
132,ESTHER,Slots,Berry
131,MONICA,Slots,Peteslots
130,CHARLOTTE,Slots,Gurras games
129,CARRIE,Slots,Gaming kids
128,MARJORIE,Slots,Camel games
127,ELAINE,Slots,Casher
126,ELLEN,Slots,Dumgames
125,ETHEL,Slots,Slotdream
124,SHEILA,Slots,Jopsgame
123,SHANNON,Slots,Verri
122,THELMA,Slots,Gamz
121,JOSEPHINE,Slots,Happy Games
119,SHERRY,Slots,Big or nothing
118,KIM,Slots,Waller
117,EDITH,Slots,Ypper software
116,VICTORIA,Slots,Viira games
115,WENDY,Slots,Okkult games
114,GRACE,Slots,Alarma
113,CINDY,Slots,Snooz
112,ROSA,Slots,Flipper
111,CARMEN,Slots,Matlock games
110,TIFFANY,Slots,Lundqvist gaming
109,EDNA,Slots,Starter game
108,TRACY,Slots,Lifo games
107,FLORENCE,Slots,Asta games
106,CONNIE,Slots,Verigood games
105,DAWN,Slots,Gunsmit game
104,RITA,Slots,Guns n games
103,GLADYS,Slots,Linnet gaming
102,CRYSTAL,Slots,Brakker
101,PEGGY,Slots,Livgames
100,ROBIN,Slots,Fullhand
99,EMILY,Slots,Nowins
98,LILLIAN,Slots,Kuzz
97,ANNIE,Slots,Loober
96,DIANA,Slots,Roppygamez
95,PAULA,Slots,Allin
94,NORMA,Slots,Nextin
93,PHYLLIS,Slots,Lemon
92,TINA,Slots,Berry
91,LOIS,Slots,Peteslots
90,RUBY,Slots,Gurras games
89,JULIA,Slots,Gaming kids
88,BONNIE,Slots,Camel games
87,WANDA,Slots,Casher
86,JACQUELINE,Slots,Dumgames
85,ANNE,Slots,Slotdream
84,SARA,Slots,Jopsgame
83,LOUISE,Slots,Verri
82,KATHRYN,Slots,Gamz
81,ANDREA,Slots,Happy Games
79,RACHEL,Slots,Big or nothing
78,LORI,Slots,Waller
77,JANE,Slots,Ypper software
76,IRENE,Slots,Viira games
75,TAMMY,Slots,Okkult games
74,DENISE,Slots,Alarma
73,BEVERLY,Slots,Snooz
72,THERESA,Slots,Flipper
71,KATHY,Slots,Matlock games
70,CHRISTINA,Slots,Lundqvist gaming
69,JUDY,Slots,Starter game
68,NICOLE,Slots,Lifo games
67,KELLY,Slots,Asta games
66,JANICE,Slots,Verigood games
65,ROSE,Slots,Gunsmit game
64,JUDITH,Slots,Guns n games
63,ASHLEY,Slots,Linnet gaming
62,JOAN,Slots,Brakker
61,KATHERINE,Slots,Livgames
60,MILDRED,Slots,Fullhand
59,CHERYL,Slots,Nowins
58,JEAN,Slots,Kuzz
57,EVELYN,Slots,Loober
56,GLORIA,Slots,Roppygamez
55,DORIS,Slots,Allin
54,TERESA,Slots,Nextin
53,HEATHER,Slots,Lemon
52,JULIE,Slots,Berry
51,ALICE,Slots,Peteslots
50,DIANE,Slots,Gurras games
49,JOYCE,Slots,Gaming kids
48,ANN,Slots,Camel games
47,FRANCES,Slots,Casher
46,CATHERINE,Slots,Dumgames
45,JANET,Slots,Slotdream
44,MARIE,Slots,Jopsgame
43,CHRISTINE,Slots,Verri
42,CAROLYN,Slots,Gamz
41,STEPHANIE,Slots,Happy Games
39,DEBRA,Slots,Big or nothing
38,MARTHA,Slots,Waller
37,PAMELA,Slots,Ypper software
36,KATHLEEN,Slots,Viira games
35,VIRGINIA,Slots,Okkult games
34,REBECCA,Slots,Alarma
33,ANNA,Slots,Snooz
32,AMY,Slots,Flipper
31,BRENDA,Slots,Matlock games
30,MELISSA,Slots,Lundqvist gaming
29,ANGELA,Slots,Starter game
28,CYNTHIA,Slots,Lifo games
27,SHIRLEY,Slots,Asta games
26,JESSICA,Slots,Verigood games
25,DEBORAH,Slots,Gunsmit game
24,KIMBERLY,Slots,Guns n games
23,SARAH,Slots,Linnet gaming
22,LAURA,Slots,Brakker
21,MICHELLE,Slots,Livgames
20,SHARON,Slots,Fullhand
18,CAROL,Slots,Kuzz
17,DONNA,Slots,Loober
16,SANDRA,Slots,Roppygamez
15,HELEN,Slots,Allin
14,BETTY,Slots,Nextin
11,LISA,Slots,Peteslots
8,SUSAN,Slots,Camel games
7,MARIA,Slots,Casher
6,JENNIFER,Slots,Dumgames
4,BARBARA,Slots,Jopsgame
